Tournament_Name,Date,Prize,Entrants,Location,Winner
Riptide,"Sep 11 - 13, 2020",,,Sandusky,TBD
Get On My Level 2020,"May 15 - 17, 2020",,,Toronto,TBD
Pound 2020,"Apr 3 - 5, 2020",,189 entrants,Laurel,TBD
Full Bloom 6,"Mar 28 - 29, 2020",,185 entrants,Bloomington,TBD
HFLAN Melee Edition 2020,"Mar 28 - 29, 2020","$1,690.00",102 entrants,Noisy-le-Grand,TBD
CEO Dreamland 2020,"Mar 13 - 15, 2020",,,Orlando,TBD
Hold That L 5,"Feb 22, 2020",$500.00,50 entrants,Chicago,TBD
Smash Summit 9,"Feb 13 - 16, 2020",,18 entrants,Los Angeles,TBD
Versus Mode #1,"Feb 1, 2020",,29 entrants,São Paulo,kodo
Saving Mr. Lombardi 2,"Feb 1, 2020","$2,710.00",171 entrants,Irvine,Fiction
GENESIS 7,"Jan 24 - 26, 2020","$15,058.00","1,110 entrants",Oakland,Zain
Settle It!,"Jan 18 - 19, 2020",$360.00,36 entrants,Phoenix,Axe
Tampa Never Sleeps 8,"Jan 18 - 19, 2020",$910.00,66 entrants,Tampa,Mew2King
Massilia Winter Smash 2020,"Jan 18 - 19, 2020",$377.00,34 entrants,Marseille,Tekk
GIGA HoG: Era 2,"Jan 18, 2020",$790.00,79 entrants,Wallingford,Hax$
Kill Roy: Volume 5,"Jan 18, 2020",$580.00,58 entrants,Bloomington,Free Palestine
Revenge of the 6ix: January 2020 Edition,"Jan 18, 2020",$237.00,31 entrants,Concord,Soonsay
Valhalla III,"Jan 11 - 12, 2020","$1,563.00",141 entrants,Copenhagen,Leffen
GatorLAN Spring 2020,"Jan 11 - 12, 2020",,122 entrants,Gainesville,Hungrybox
Kurobra 19,"Jan 11, 2020",,47 entrants,Sagamihara,Sanne
Scorpius 2020,"Jan 4, 2020","$1,060.00",56 entrants,Deer Park,Aklo
2GG: SoCal Chronicles 2020,"Jan 4, 2020",$260.00,52 entrants,La Mirada,Captain Faceroll
Holiday Heist 5,"Dec 28, 2019",,42 entrants,Dearborn,Ginger
Garden State Smashdown,"Dec 21, 2019",$730.00,73 entrants,Ridgewood,Hax$
SuperMeleePression #8,"Dec 14, 2019",$134.00,24 entrants,Paris,raoul
Invincible 5,"Dec 7 - 8, 2019",$920.00,92 entrants,Madison,100 Grand
Mango's Birthday Bash,"Dec 7 - 8, 2019","$5,691.00",226 entrants,Toronto,Mango
Play With Heart,"Nov 30, 2019",,48 entrants,Vancouver,Espi
Vienna Challengers Arena 2019,"Nov 23 - 24, 2019","$1,813.00",64 entrants,Vienna,Overtriforce
SuperMeleePression #7,"Nov 17, 2019",$248.00,45 entrants,Paris,Fiction
DreamHack Atlanta 2019,"Nov 15 - 17, 2019","$5,000.00",234 entrants,Atlanta,Captain Faceroll
Smash Out 2019,"Nov 16, 2019",$540.00,108 entrants,St. Louis,Travioli
Arcamelee #3,"Nov 9 - 10, 2019","$1,919.00",116 entrants,Lyon,Trif
The MMOM Memorial,"Nov 9 - 10, 2019","$3,385.00",159 entrants,Amesbury,iBDW
Pray to Win 2,"Nov 9, 2019",$409.00,64 entrants,Southampton,Fat Tino
GENESIS: BLACK,"Nov 9, 2019",,175 entrants,Pomona,S2J
Melee @ The Made Remix,"Nov 9, 2019","$1,240.00",124 entrants,Oakland,Spark
SameLAN 7,"Nov 1 - 3, 2019",$202.00,37 entrants,Langfjordbotn,Pricent
House of Paign 22,"Nov 2, 2019","$1,370.00",137 entrants,Champaign,Lucky
GameTyrant Expo 2019,"Nov 1 - 2, 2019","$1,730.00",73 entrants,North Salt Lake,Medz
Syndicate 2019,"Oct 25 - 27, 2019",$744.00,67 entrants,Utrecht,Professor Pro
Fight For Socal 8,"Oct 26, 2019",$730.00,73 entrants,Santa Ana,SFAT
Overlords of Orlando: OCTOBERLORDS,"Oct 26, 2019",$650.00,65 entrants,Winter Park,King Momo
EGLX 2019: Rising Stars,"Oct 18 - 20, 2019","$7,620.00",101 entrants,Toronto,Hungrybox
DreamHack Rotterdam 2019,"Oct 19 - 20, 2019","$3,900.00",154 entrants,Rotterdam,Zain
Portland Retro Gaming Expo 2019,"Oct 18 - 20, 2019",,114 entrants,Portland,FatGoku
"The Good, The Bad, And The Melee","Oct 18 - 20, 2019",,16 entrants,Bryan,Bananas
East Coast Throwdown 2019,"Oct 19, 2019",,51 entrants,Stamford,Rishi
Vivaldi Autumn 2019,"Oct 11 - 13, 2019",$478.00,57 entrants,Oslo,Pipsqueak
SuperMeleePression #6,"Oct 13, 2019",$165.00,30 entrants,Paris,raoul
Sector Z #6.0,"Oct 6, 2019",$384.00,50 entrants,Breda,Professor Pro
The Big House 9,"Oct 4 - 6, 2019","$9,090.00",909 entrants,Detroit,Mango
Fight For Socal 7,"Sep 28, 2019",$670.00,67 entrants,Santa Ana,S2J
NorthBay Masters 2019,"Sep 28, 2019","$2,425.00",85 entrants,Santa Rosa,Shroomed
Mainstage,"Sep 20 - 22, 2019","$7,890.00",289 entrants,Ontario,Hungrybox
SuperMeleePression #5,"Sep 22, 2019",$297.00,54 entrants,Paris,Trif
The Wavedashers 5,"Sep 14 - 15, 2019",$130.00,35 entrants,São Paulo,Aisengobay
Smash Camp: End of Summer,"Sep 14 - 15, 2019","$2,140.00",214 entrants,Prescott,Zain
Murked 5-A-Side,"Sep 14, 2019","$1,006.00",101 entrants,London,Professor Pro
TRETA Championship 2019,"Sep 7 - 8, 2019",$133.00,13 entrants,Curitiba,Aisengobay
DreamHack Montreal 2019,"Sep 6 - 8, 2019","$5,000.00",145 entrants,Montreal,Hungrybox
Massilia Summer Smash 2019,"Sep 7 - 8, 2019",$352.00,32 entrants,Marseille,CC
See Me On LAN!! 4,"Sep 7, 2019","$1,020.00",77 entrants,Troy,Fiction
Superbou 3,"Aug 30 - Sep 1, 2019","$1,898.00",172 entrants,Barcelona,Trif
Buccaneer Brawl,"Aug 31, 2019",$959.00,42 entrants,Johnson City,HiFi
Show Me Your Moves 20,"Aug 31, 2019","$1,590.00",159 entrants,Urbana,Westballz
Shine 2019,"Aug 23 - 25, 2019","$6,610.00",661 entrants,Worcester,Hungrybox
Awakening 5,"Aug 16 - 18, 2019","$1,694.00",153 entrants,Zorneding,Zamu
Super Smash Con 2019,"Aug 8 - 11, 2019","$8,530.00",853 entrants,Chantilly,Leffen
Rock Smash,"Aug 10, 2019",$476.00,46 entrants,Boston,Joyboy
Fête,"Aug 2 - 4, 2019","$3,786.00",312 entrants,Stoke-on-Trent,Captain Faceroll
Replay FX Gaming Arena 2019,"Aug 1 - 4, 2019","$2,000.00",55 entrants,Pittsburgh,lloD
EVO 2019 Side Event,"Aug 3, 2019","$1,300.00",130 entrants,Las Vegas,Hungrybox
Smash Factor 8,"Jul 26 - 28, 2019","$2,505.00",118 entrants,Puebla,Westballz
SuperMeleePression #4,"Jul 28, 2019",$206.00,37 entrants,Paris,Makenshi
Geektenango Invitational July 2019,"Jul 28, 2019",,,Guatemala City,Lex
Hold That L 4,"Jul 27, 2019","$1,060.00",106 entrants,Chicago,Ginger
VORTEX,"Jul 20 - 21, 2019",$551.00,47 entrants,Calgary,Squid
Ascension VII,"Jul 20 - 21, 2019",$550.00,55 entrants,Chandler,Axe
Paradigm Shift,"Jul 20 - 21, 2019","$4,515.00",64 entrants,Davenport,Hax$
Vivaldi Summer 2019,"Jul 20 - 21, 2019",$502.00,66 entrants,Oslo,Pipsqueak
Defend The North 2019,"Jul 19 - 21, 2019",$900.00,90 entrants,New York City,2saint
GHETTOWARMACHINE vs. The World,"Jul 17, 2019",$960.00,96 entrants,Amesbury,Slox
Low Tier City 7,"Jul 12 - 14, 2019","$3,030.00",303 entrants,Arlington,Hungrybox
viennality 2k19,"Jul 5 - 7, 2019",$630.00,26 entrants,Vienna,Ice
We Need Some Space 2,"Jul 6, 2019","$1,820.00",132 entrants,Indianapolis,Magi
CEO 2019,"Jun 28 - 30, 2019","$3,300.00",330 entrants,Daytona Beach,Hungrybox
Hold That L 3,"Jun 29, 2019","$1,550.00",155 entrants,Chicago,Lucky
Fight For Socal 6,"Jun 29, 2019",$500.00,50 entrants,Santa Ana,Westballz
Bridgetown Blitz 4,"Jun 29, 2019","$1,100.00",110 entrants,Portland,FatGoku
GIGA HOG: Reunion,"Jun 22, 2019",$680.00,68 entrants,Wallingford,2saint
Smash Summit 8,"Jun 13 - 16, 2019","$30,230.00",16 entrants,Los Angeles,Axe
Omega III,"Jun 8 - 9, 2019","$2,080.00",108 entrants,Deer Park,Trif
"The Kid, the Goat, and the Mango","Jun 8 - 9, 2019","$2,740.00",274 entrants,La Mirada,S2J
Sector Z #5.0,"Jun 2, 2019",$429.00,55 entrants,Breda,Amsah
Smash 'N' Splash 5,"May 31 - Jun 2, 2019","$13,380.00",838 entrants,Wisconsin Dells,Wizzrobe
DreamHack Dallas 2019,"May 31 - Jun 2, 2019","$5,000.00",140 entrants,Dallas,HugS
Massilia Winter Smash 2019,"Jun 1 - 2, 2019",$268.00,24 entrants,Marseille,Arte
SNS 5 Pre-Event Tournament/Melee,"May 30, 2019",$440.00,88 entrants,Wisconsin Dells,lloD
MomoCon 2019,"May 23 - 26, 2019","$1,100.00",110 entrants,Atlanta,Hungrybox
Emerald City 8,"May 25, 2019","$1,560.00",156 entrants,Seattle,PewPewU
Fight For Socal V,"May 25, 2019",$610.00,61 entrants,Santa Ana,Westballz
Get On My Level 2019,"May 17 - 19, 2019","$4,669.00",420 entrants,Toronto,Mango
HTS Smash #5,"May 18, 2019",$701.00,54 entrants,Nuremberg,Nicki
Battle Arena Melbourne 11,"May 17 - 18, 2019",$963.00,140 entrants,Melbourne,Spud
King,"May 5, 2019","$1,350.00",135 entrants,Ewing Township,Fiction
The Second National Melee Arcadian,"May 5, 2019","$2,070.00",207 entrants,Santa Ana,bobby big ballz
Regen 2019,"Apr 27 - 28, 2019","$1,239.00",98 entrants,Birmingham,Trif
Come to Papa 3,"Apr 27 - 28, 2019","$1,060.00",106 entrants,Orlando,Zain
SuperMeleePression #2,"Apr 28, 2019",$217.00,39 entrants,Paris,raoul jafaden
Pound 2019,"Apr 19 - 21, 2019","$6,765.00",451 entrants,Laurel,Hungrybox
HFLAN Melee Edition 2019,"Apr 20 - 21, 2019","$2,951.00",177 entrants,Noisy-le-Grand,Trif
House of Paign 21,"Apr 20, 2019","$1,000.00",100 entrants,Champaign,Prince Abu
Vivaldi Spring 2019,"Apr 12 - 14, 2019",$506.00,86 entrants,Oslo,Trif
The Scarlet Classic V,"Apr 14, 2019",,162 entrants,Piscataway Township,iBDW
Saving Mr. Lombardi,"Apr 13, 2019","$1,610.00",161 entrants,Irvine,Fiction
Overlords of Orlando: Ultimate Edition,"Apr 13, 2019",$630.00,63 entrants,Winter Park,Hungrybox
The Nick Yingling Dave & Busters Melee Experience,"Apr 13, 2019",$810.00,81 entrants,Tempe,Bananas
The Wavedashers 4,"Apr 7, 2019",,17 entrants,São Paulo,Leso
Fight Pitt 9,"Apr 6, 2019","$2,050.00",205 entrants,Pittsburgh,Colbol
Battle of BC 3,"Mar 30 - 31, 2019","$2,530.00",253 entrants,Vancouver,Axe
Full Bloom 5,"Mar 23 - 24, 2019","$3,890.00",349 entrants,Bloomington,Zain
CT Gamercon 3,"Mar 23 - 24, 2019",$810.00,81 entrants,Uncasville,Hax$
NChi Ultra,"Mar 16 - 17, 2019",$900.00,90 entrants,Raleigh,Hax$
Fight For Socal 4,"Mar 17, 2019",$850.00,85 entrants,Santa Ana,S2J
SuperMeleePression #1,"Mar 17, 2019",$260.00,46 entrants,Paris,Makenshi
Sapocalypse,"Mar 16, 2019",$880.00,71 entrants,Kent,Ryan Ford
The Gang Steals the Script,"Mar 9, 2019","$2,040.00",204 entrants,Swarthmore,Zain
Phantom 2019,"Mar 2 - 3, 2019",$583.00,82 entrants,Sydney,iBDW
Ultimate Nimbus,"Mar 3, 2019",$770.00,77 entrants,Norwalk,Captain Faceroll
House of Paign 20,"Mar 2, 2019","$1,450.00",145 entrants,Champaign,Captain Faceroll
Lantrek 2019,"Mar 1, 2019",$119.00,25 entrants,Tempere,Solobattle
Phoenix Blue 2,"Feb 22 - 24, 2019","$1,415.00",125 entrants,Malmö,Trif
Fight For Socal 3,"Feb 24, 2019",$590.00,59 entrants,Santa Ana,Westballz
Hold That L 2,"Feb 23, 2019","$1,100.00",110 entrants,Chicago,AbsentPage
Mountain of Dreams 3,"Feb 23, 2019",$890.00,79 entrants,Morgantown,Polish
Schism 3,"Feb 16 - 17, 2019","$1,070.00",118 entrants,Dublin,S2J
"The Script - Episode 2: ""Hands Off My Prey""","Feb 16 - 17, 2019","$1,300.00",130 entrants,Laurel,Zain
A Close 2-0,"Feb 9, 2019",$580.00,58 entrants,Pittsburgh,lloD
No Fun Allowed 3,"Feb 9, 2019","$1,320.00",132 entrants,Bryan,Bananas
GENESIS 6,"Feb 1 - 3, 2019","$11,130.00","1,113 entrants",Oakland,Hungrybox
Pre-Genesix,"Jan 31, 2019",$845.00,169 entrants,Oakland,Bananas
Hold That L,"Jan 26, 2019","$1,750.00",175 entrants,Chicago,S2J
GIGA HOG: Era,"Jan 26, 2019","$1,230.00",123 entrants,Wallingford,Swedish Delight
Fight For Socal 2,"Jan 26, 2019",$760.00,76 entrants,Santa Ana,SFAT
TGC Returns,"Jan 12, 2019",$880.00,63 entrants,Houston,Captain Faceroll
Poi Poundaz 2,"Jan 12, 2019",$742.00,61 entrants,Honolulu,S2J
Scorpius 2019,"Jan 12, 2019","$1,060.00",56 entrants,Deer Park,Hax$
Valhalla II,"Jan 3 - 7, 2019","$2,392.00",209 entrants,Copenhagen,Trif
Smash Camp 2019,"Jan 5 - 6, 2019","$1,800.00",180 entrants,Prescott,ARMY
Smash Conference United,"Jan 5 - 6, 2019",$520.00,52 entrants,Port St. Lucie,Hungrybox
Midwest Mayhem Ultimate,"Dec 29, 2018",$330.00,33 entrants,Melrose Park,Michael
NYXL Pop-Up!,"Dec 22, 2018","$1,980.00",98 entrants,Brooklyn,iBDW
Don't Park on the Grass 2018,"Dec 15 - 16, 2018","$5,460.00",546 entrants,Seattle,S2J
Bridgetown Hyper Blitz,"Dec 8, 2018",$960.00,96 entrants,Portland,Spud
Wombo Combo: 10 Year Anniversary,"Dec 8, 2018","$2,040.00",204 entrants,Oakland,PewPewU
DreamHack Winter 2018,"Dec 1 - 2, 2018","$5,000.00",52 entrants,Jönköping,Leffen
Smash Summit 7,"Nov 15 - 18, 2018","$47,261.00",16 entrants,Los Angeles,Hungrybox
DreamHack Atlanta 2018,"Nov 16 - 18, 2018","$10,000.00",243 entrants,Atlanta,AbsentPage
The Mango: Homecoming,"Nov 10 - 11, 2018","$3,500.00",350 entrants,Norwalk,Leffen
GameTyrant Expo 2018,"Nov 2 - 4, 2018","$9,090.00",159 entrants,North Salt Lake,Hungrybox
MURK3D,"Nov 3, 2018",$825.00,106 entrants,London,Professor Pro
Canada Cup 2018,"Oct 26 - 28, 2018","$5,080.00",168 entrants,Toronto,Hungrybox
"The Script - Episode 1: ""Race To The Finish""","Oct 13 - 14, 2018","$1,050.00",105 entrants,Laurel,n0ne
The Midwest Battlefield,"Oct 13, 2018","$3,000.00",37 entrants,Indianapolis,Cal
The Big House 8,"Oct 5 - 7, 2018","$10,320.00","1,032 entrants",Detroit,Hungrybox
The Roast of Hugo Gonzalez,"Sep 22, 2018","$4,280.00",256 entrants,Long Beach,S2J
DreamHack Montreal 2018,"Sep 7 - 9, 2018","$10,000.00",189 entrants,Montreal,Hungrybox
Show Me Your Moves 19,"Sep 1, 2018","$2,200.00",220 entrants,Urbana,Fiction
Shine 2018,"Aug 24 - 26, 2018","$9,040.00",904 entrants,Boston,Zain
Smash PhD! VII,"Aug 26, 2018",,35 entrants,São Paulo,Aisengobay
Heir 5,"Aug 17 - 19, 2018","$9,562.00",752 entrants,Oadby,Leffen
Super Smash Fight Club 3,"Aug 18, 2018",$825.00,65 entrants,Houston,MikeHaze
Super Smash Con 2018,"Aug 9 - 12, 2018","$10,530.00","1,053 entrants",Chantilly,Armada
EVO 2018,"Aug 3 - 5, 2018","$13,530.00","1,353 entrants",Las Vegas,Leffen
Low Tier City 6,"Jul 27 - 29, 2018","$5,190.00",346 entrants,Irving,Hungrybox
Cascade 2,"Jul 28, 2018",$934.00,122 entrants,Vancouver,Spark
Smash Factor 7,"Jul 20 - 22, 2018","$1,137.00",144 entrants,Puebla,Armada
Battle GateWay 21,"Jul 22, 2018",,100 entrants,Tokyo,aMSa
Aurora Blitz,"Jul 21, 2018",$610.00,31 entrants,Traverse City,Swedish Delight
Lighthouse,"Jul 13 - 15, 2018",$771.00,66 entrants,Madrid,ChuDat
Runback 2018,"Jul 14 - 15, 2018","$1,420.00",142 entrants,Mesa,Axe
Showdown: Battle Royale 3,"Jul 14 - 15, 2018",$530.00,53 entrants,Farmington Hills,KJH
Superbou 2,"Jul 6 - 8, 2018",$715.00,61 entrants,Barcelona,Ice
The Even Bigger Balc,"Jul 6 - 8, 2018","$3,050.00",205 entrants,Pomona,lloD
CEO 2018,"Jun 29 - Jul 1, 2018","$4,400.00",440 entrants,Daytona Beach,Hungrybox
Awakening IV,"Jun 29 - Jul 1, 2018","$2,401.00",206 entrants,Zorneding,Amsah
SMASHADELPHIA 2018,"Jun 22 - 24, 2018","$1,440.00",44 entrants,Phoenixville,Wizzrobe
Esports Arizona 4,"Jun 23, 2018","$2,000.00",106 entrants,Scottsdale,ARMY
DreamHack Summer 2018,"Jun 16 - 18, 2018","$5,000.00",97 entrants,Jönköping,Armada
OMEGA II,"Jun 16 - 17, 2018","$2,340.00",134 entrants,Deer Park,Zain
Amaterasu #2,"Jun 17, 2018",,51 entrants,Tokyo,aMSa
Smashville 7,"Jun 16, 2018",$960.00,96 entrants,Evansville,n0ne
OpTic Arena,"Jun 8 - 10, 2018","$5,940.00",94 entrants,Fort Worth,Wizzrobe
Saints Gaming Live 2018,"Jun 9 - 10, 2018",$379.00,49 entrants,Windsor,Mew2King
Smash 'N' Splash 4,"Jun 1 - 3, 2018","$14,240.00",924 entrants,Wisconsin Dells,Armada
DreamHack Austin 2018,"Jun 1 - 3, 2018","$10,000.00",394 entrants,Austin,Plup
Arcamini 4,"Jun 2, 2018",,40 entrants,Lyon,Trif
MomoCon 2018,"May 24 - 27, 2018","$6,350.00",135 entrants,Atlanta,Hungrybox
Battle GateWay 20,"May 27, 2018",,80 entrants,Tokyo,Shippu
Combo Breaker 2018,"May 25 - 27, 2018",,97 entrants,St. Charles,KJH
Get On My Level 2018,"May 18 - 20, 2018","$3,509.00",449 entrants,Mississauga,Hungrybox
Battle Arena Melbourne 10,"May 18 - 20, 2018","$1,367.00",182 entrants,Melbourne,Armada
*Pound* Underground,"May 12 - 13, 2018","$2,160.00",216 entrants,Laurel,Zain
Smash Summit 6,"May 3 - 6, 2018","$22,010.00",16 entrants,Los Angeles,Mew2King
KVO x TSB 2018,"May 4 - 6, 2018",,45 entrants,Osaka,Zoma
Super Smash Sundays 64,"Apr 29, 2018","$1,330.00",133 entrants,Santa Ana,Westballz
Amaterasu,"Apr 22, 2018",,72 entrants,Tokyo,Sanne
Aegis,"Apr 21, 2018","$2,010.00",201 entrants,Cleveland,Plup
Flatiron 3,"Apr 21, 2018","$3,160.00",316 entrants,Boulder,Leffen
The Scarlet Classic IV,"Apr 15, 2018",,213 entrants,New Brunswick,Crush
GEMINI,"Apr 14, 2018",$850.00,65 entrants,Deer Park,Crush
Fight Pitt 8,"Apr 7, 2018","$2,220.00",222 entrants,Pittsburgh,lloD
Noods Noods Noods: Oakland Edition,"Apr 7, 2018","$5,820.00",182 entrants,Oakland,Hungrybox
Respawn 6,"Mar 31 - Apr 1, 2018","$1,170.00",95 entrants,Mainz,ChuDat
Full Bloom 4,"Mar 24 - 25, 2018","$4,340.00",354 entrants,Bloomington,Hungrybox
The Mango,"Mar 18, 2018","$4,570.00",457 entrants,Long Beach,Swedish Delight
Arcamini 3,"Mar 17, 2018",,56 entrants,Lyon,Aephage
Enthusiast Gaming Live Expo 2018,"Mar 9 - 11, 2018","$5,273.00",180 entrants,Mississauga,Hungrybox
Xanadu: End of an Era,"Feb 24 - 25, 2018","$1,620.00",162 entrants,Baltimore,lloD
No Fun Allowed 2,"Feb 24, 2018","$2,310.00",231 entrants,Bryan,HugS
King of the Springs 3,"Feb 24, 2018","$1,610.00",81 entrants,Hot Springs,Mojo
Smash Valley VII,"Feb 17, 2018","$2,290.00",229 entrants,State College,Hungrybox
Battle GateWay 19,"Feb 11, 2018",,84 entrants,Tokyo,SFAT
The Gang Hosts a Melee Tournament,"Feb 3, 2018","$2,380.00",238 entrants,Swarthmore,Captain Smuckers
Noods Noods Noods: Melee Edition,"Jan 27, 2018","$7,100.00",210 entrants,Santa Ana,Hungrybox
GENESIS 5,"Jan 19 - 21, 2018","$13,650.00","1,365 entrants",Oakland,Plup
We Tech Those 3,"Jan 13 - 14, 2018",$940.00,94 entrants,Easton,Junebug
Valhalla,"Jan 4 - 8, 2018","$2,047.00",171 entrants,Copenhagen,Leffen
Poi Poundaz,"Jan 6, 2018",$900.00,90 entrants,Honolulu,S2J
The Holiday Bash Smash Invitational,"Dec 15 - 17, 2017","$10,000.00",14 entrants,Oakland,Crush
Arcamini 2,"Dec 16, 2017",,47 entrants,Lyon,Djagof
SSS Blood For Blood 2,"Dec 9, 2017","$1,440.00",144 entrants,San Francisco,Shroomed
Pat's House 3,"Dec 2 - 3, 2017",,304 entrants,La Jolla,Duck
DreamHack Winter 2017,"Dec 1 - 3, 2017","$10,000.00",94 entrants,Jönköping,Armada
Super FamiCon 2017,"Nov 17 - 19, 2017",,267 entrants,Greensboro,La Luna
Smash Valley VI,"Nov 18, 2017","$1,270.00",127 entrants,State College,MikeHaze
Sector Z,"Nov 12, 2017",$547.00,94 entrants,Breda,Amsah
Tipped Off 12,"Nov 11 - 12, 2017","$5,440.00",252 entrants,Atlanta,Mew2King
Smash Summit 5,"Nov 2 - 5, 2017","$83,758.00",16 entrants,Los Angeles,Hungrybox
UFSmash 3,"Nov 2 - 4, 2017",,63 entrants,São Paulo,Bobesco
Battle GateWay 18,"Nov 3, 2017",,86 entrants,Tokyo,Zoma
Canada Cup 2017,"Oct 27 - 29, 2017","$5,197.00",170 entrants,Toronto,Mew2King
Too Hot to Handle,"Oct 28 - 29, 2017","$4,500.00",150 entrants,Miami,Hungrybox
Clutch City Clash 2,"Oct 28 - 29, 2017","$3,270.00",177 entrants,Houston,Mojo
Awakening III,"Oct 21 - 22, 2017","$1,619.00",137 entrants,Zorneding,Trif
DreamHack Denver 2017,"Oct 20 - 22, 2017","$10,000.00",307 entrants,Denver,Hungrybox
Salty Juan's 4,"Oct 14 - 15, 2017","$1,310.00",81 entrants,Albuquerque,Junebug
Apollo X,"Oct 14, 2017",$940.00,94 entrants,New York City,Hungrybox
The Big House 7,"Oct 6 - 8, 2017","$15,220.00","1,522 entrants",Detroit,Hungrybox
GameTyrant Expo 2017,"Sep 29 - Oct 1, 2017","$30,000.00",354 entrants,Salt Lake City,Hungrybox
Mission Complete: the Arcadian,"Sep 28, 2017",$665.00,117 entrants,Tilburg,Yung_Aaron
Syndicate 2017,"Sep 23 - 24, 2017","$2,679.00",224 entrants,Utrecht,Armada
Showdown: Battle Royale 2,"Sep 23 - 24, 2017",,22 entrants,Farmington Hills,Duck
DreamHack Montreal 2017,"Sep 8 - 10, 2017","$10,000.00",212 entrants,Montreal,n0ne
Arcamini,"Sep 9, 2017",,48 entrants,Lyon,Mahie
Apollo IX,"Sep 9, 2017",$630.00,63 entrants,New York City,Rishi
Red Bull Smash: Gods and Gatekeepers,"Sep 2 - 3, 2017","$11,000.00",784 entrants,Los Angeles,Cal
Shine 2017,"Aug 25 - 27, 2017","$11,560.00","1,156 entrants",Boston,Hungrybox
Heir 4,"Aug 18 - 20, 2017","$6,128.00",476 entrants,Nottingham,Leffen
Apollo VIII,"Aug 19, 2017",$740.00,74 entrants,New York City,Captain Smuckers
Super Smash Con 2017,"Aug 10 - 13, 2017","$10,920.00","1,092 entrants",Chantilly,Mango
Smash Factor 6,"Aug 4 - 6, 2017",,128 entrants,Puebla,SFAT
Low Tier City 5,"Aug 5 - 6, 2017","$6,300.00",320 entrants,Irving,Wizzrobe
Spice #3,"Aug 5, 2017",$142.00,24 entrants,Utrecht,Chrollo
Get On My Level 2017,"Jul 28 - 30, 2017","$4,512.00",566 entrants,Mississauga,Leffen
DreamHack Atlanta 2017,"Jul 21 - 23, 2017","$10,000.00",402 entrants,Atlanta,Plup
Dash Dancers Dawn,"Jul 22, 2017",,128 entrants,Düren,Trif
EVO 2017,"Jul 14 - 16, 2017","$14,280.00","1,428 entrants",Las Vegas,Armada
START 8,"Jul 15, 2017",,29 entrants,Rotterdam,Avalancer
GENESIS: RED,"Jul 9, 2017","$2,580.00",258 entrants,Berkeley,SFAT
Nemesis,"Jul 8, 2017",$750.00,75 entrants,Seattle,Bladewise
Function(3),"Jul 8, 2017","$1,750.00",175 entrants,Atlanta,Lucky
Battle GateWay 17,"Jul 8, 2017",,110 entrants,Tokyo,Rudolph
Albion 2,"Jul 1 - 2, 2017",,62 entrants,London,Professor Pro
Apollo VII,"Jul 1, 2017","$1,140.00",114 entrants,New York City,The Moon
Super Smash Wars,"Jul 1, 2017",,13 entrants,Moore,Pancakes
Bad Moon Rising 2,"Jul 1, 2017","$4,190.00",369 entrants,Winston-Salem,Hungrybox
SMASHADELPHIA 2017,"Jun 23 - 26, 2017","$1,430.00",93 entrants,Phoenixville,Mew2King
Super Smash Dimanches 15,"Jun 25, 2017",,,Paris,TBA
Revenge of the 6ix: Episode II,"Jun 25, 2017",,111 entrants,Toronto,KirbyKaze
Spice #2,"Jun 24, 2017",$346.00,34 entrants,Utrecht,Avalancer
DreamHack Summer 2017,"Jun 17 - 19, 2017","$10,000.00",90 entrants,Jönköping,Armada
CEO 2017,"Jun 16 - 18, 2017","$2,920.00",292 entrants,Orlando,Hungrybox
Saints Gaming Live,"Jun 10 - 11, 2017","$2,800.00",81 entrants,Windsor,Mew2King
SALT,"Jun 3 - 4, 2017",,41 entrants,Paris,Mahie
Origin,"Jun 3 - 4, 2017",,103 entrants,Newcastle upon Tyne,Vanity Angel
Battle of BC 2,"Jun 3 - 4, 2017","$6,618.00",395 entrants,Vancouver,ChuDat
Smash 'N' Splash 3,"Jun 2 - 4, 2017","$13,480.00",848 entrants,Wisconsin Dells,Hungrybox
Spice #1,"Jun 3, 2017",$342.00,41 entrants,Utrecht,Amsah
Apollo VI,"Jun 3, 2017",$730.00,73 entrants,New York City,Swedish Delight
MomoCon 2017,"May 25 - 28, 2017","$3,550.00",105 entrants,Atlanta,Mew2King
The Bigger Balc,"May 27 - 28, 2017","$2,320.00",232 entrants,Pomona,Hungrybox
Battle GateWay 16,"May 28, 2017",,80 entrants,Tokyo,aMSa
Combo Breaker 2017,"May 26 - 28, 2017",$910.00,91 entrants,St. Charles,Duck
Mission Complete 5,"May 27, 2017",,146 entrants,Tilburg,Armada
Runback 2017,"May 20 - 21, 2017","$2,030.00",203 entrants,Mesa,Plup
Royal Flush,"May 12 - 14, 2017","$8,310.00",331 entrants,Atlantic City,Mango
DSEA Spring,"May 13 - 14, 2017",,,Delft,Zgetto
Battle Arena Melbourne 9,"May 12 - 14, 2017","$1,550.00",210 entrants,Melbourne,Spud
CrazyHand 2017,"May 6 - 7, 2017",,45 entrants,Suita,Rudolph
Apollo V,"May 6, 2017",$620.00,62 entrants,New York City,dizzkidboogie
Function(2),"May 6, 2017","$1,440.00",144 entrants,Atlanta,Druggedfox
KVO x TSB 2017,"May 4 - 6, 2017",,48 entrants,Osaka,Yu
MARS 2017,"Apr 30 - May 1, 2017",,34 entrants,Marseille,beLia
DreamHack Austin 2017,"Apr 28 - 30, 2017","$10,000.00",430 entrants,Austin,Hungrybox
SoCal Colosseum #10,"Apr 29, 2017",,126 entrants,Irvine,Lucky
Flatiron 2,"Apr 22, 2017","$2,300.00",230 entrants,Boulder,Swedish Delight
Inheritance,"Apr 22, 2017",,62 entrants,Mortsel,ChuDat
Sea Crest Smash,"Apr 22, 2017",$380.00,38 entrants,North Falmouth,Captain Smuckers
Zotcade 2017,"Apr 15 - 16, 2017","$1,440.00",124 entrants,Irvine,Westballz
CEO Dreamland,"Apr 14 - 16, 2017","$3,330.00",333 entrants,Orlando,Mew2King
HFLAN Melee Edition 2017,"Apr 15 - 16, 2017","$3,629.00",233 entrants,Noisy-le-Grand,Armada
Fight Pitt 7,"Apr 15, 2017","$2,150.00",215 entrants,Pittsburgh,KJH
Smash Rivalries,"Apr 8 - 9, 2017","$4,050.00",16 entrants,Burbank,Hungrybox
BTLH I,"Apr 8, 2017",,136 entrants,Brookline,HugS
Apollo IV,"Apr 8, 2017","$1,030.00",103 entrants,New York City,dizzkidboogie
CT Gamercon,"Apr 1 - 2, 2017","$1,850.00",185 entrants,Uncasville,Hungrybox
Shuffle: Battle of the Midwest,"Apr 1 - 2, 2017","$2,190.00",219 entrants,Columbus,The Moon
Function(1),"Apr 1, 2017","$1,560.00",156 entrants,Atlanta,Wizzrobe
TSEA Link Battleground,"Mar 31, 2017",,32 entrants,Tilburg,KasparV
Frozen Phoenix 2017,"Mar 25 - 26, 2017","$1,233.00",165 entrants,Hamilton,Lucky
Full Bloom 3,"Mar 25, 2017","$3,160.00",316 entrants,Bloomington,Hungrybox
Nantarena 17.1,"Mar 18 - 19, 2017",,,Nantes,BeLia
Frame Perfect Series 2,"Mar 18 - 19, 2017","$2,840.00",134 entrants,Orlando,Hungrybox
SoCal Colosseum #9,"Mar 18, 2017",,113 entrants,Irvine,MacD
Apollo III,"Mar 11, 2017","$1,490.00",149 entrants,New York City,Swedish Delight
UCI Quarterly 2,"Mar 5, 2017",$515.00,83 entrants,Irvine,Captain Smuckers
Battle GateWay 15,"Mar 5, 2017",,75 entrants,Tokyo,aMSa
Smash Summit - Spring 2017,"Mar 2 - 5, 2017","$51,444.00",16 entrants,Los Angeles,Armada
Avalon M-VIII,"Mar 4, 2017",,73 entrants,Zoetermeer,Amsah
No Fun Allowed,"Mar 4, 2017","$1,920.00",192 entrants,Bryan,MikeHaze
Super Smash Dimanches 13,"Feb 26, 2017",,,Paris,BeLia
FuenlaSmash 2,"Feb 25, 2017",$103.00,49 entrants,Madrid,Overtriforce
The NorCal Classic,"Feb 25, 2017",,12 entrants,San Francisco,SFAT
B.E.A.S.T 7,"Feb 17 - 19, 2017","$4,355.00",409 entrants,Gothenburg,Armada
Smash Valley V,"Feb 18, 2017","$2,530.00",253 entrants,State College,Lucky
SoCal Colosseum #8,"Feb 18, 2017",,114 entrants,Irvine,S2J
LAN ETS 2017,"Feb 11 - 12, 2017",,116 entrants,Montreal,Leffen
Kickstart 14,"Feb 12, 2017",,63 entrants,London,Amsah
Apollo II,"Feb 11, 2017",$860.00,86 entrants,New York City,The Moon
SmashBox 2,"Feb 11, 2017",,128 entrants,Coventry,Druggedfox
Norcal Validated 2,"Feb 11, 2017",$650.00,142 entrants,Concord,SFAT
Schism,"Feb 4 - 5, 2017",,62 entrants,Dublin,Professor Pro
Avalon M-VII,"Feb 2, 2017",,86 entrants,Zoetermeer,Amsah
Get Smashed at the Foundry #106,"Jan 31, 2017",,35 entrants,San Francisco,NMW
Super Smash Sundays 55,"Jan 29, 2017",,210 entrants,Santa Ana,Druggedfox
SoCal Colosseum #7,"Jan 28, 2017",,185 entrants,Irvine,n0ne
Mission Complete 4,"Jan 26, 2017",,97 entrants,Tilburg,Amsah
GENESIS 4,"Jan 20 - 22, 2017","$17,040.00","1,704 entrants",San Jose,Armada
Super Smash Dimanches 12,"Jan 22, 2017",,42 entrants,Paris,Cyr
S.O.S. 2.0 Rebirth,"Jan 21, 2017",,22 entrants,Lima,Karu
Arrakis 2,"Jan 20, 2017",,29 entrants,Utrecht,Fout NL
Arcamelee #2,"Jan 14 - 15, 2017",,109 entrants,Lyon,The Moon
Norcal Validated,"Jan 14, 2017",$650.00,176 entrants,Concord,Plup
Apollo,"Jan 7 - 8, 2017","$1,440.00",144 entrants,New York City,KJH
Battle GateWay 14,"Jan 8, 2017",,57 entrants,Tokyo,Shippu
Smash Conference LXIX,"Jan 7, 2017","$1,530.00",101 entrants,Orlando,Mew2King
Arrakis 1,"Jan 6, 2017",,15 entrants,Utrecht,KasparV
DGWinter Clash 2016,"Dec 17 - 18, 2016",,144 entrants,Dortmund,reaper
Don't Park on the Grass,"Dec 17 - 18, 2016","$7,400.00",640 entrants,Seattle,Leffen
SoCal Colosseum #6,"Dec 17, 2016",,158 entrants,Irvine,CDK
Eden,"Dec 10 - 11, 2016","$1,840.00",184 entrants,Chicago,Druggedfox
ROAST 1,"Dec 3 - 4, 2016",,,Toulouse,Alox
UGC Smash Open,"Dec 2 - 4, 2016","$17,480.00",248 entrants,St. Louis,Armada
Overkill 2,"Dec 2 - 3, 2016",,24 entrants,,Isdsar
Arcamelee #1.5,"Dec 3, 2016",,48 entrants,Lyon,Djagof
Nantarena 16.2,"Nov 26 - 27, 2016",,64 entrants,Nantes,Baxon
DreamHack Winter 2016,"Nov 24 - 27, 2016","$30,000.00",242 entrants,Jönköping,Armada
Rewired 2016,"Nov 19 - 20, 2016","$2,800.00",228 entrants,Tucson,Westballz
Super Famicon 2016,"Nov 19 - 20, 2016","$1,920.00",178 entrants,Greensboro,n0ne
Kings of the North V,"Nov 19 - 20, 2016","$3,270.00",227 entrants,Waukesha,Professor Pro
Super Smash Dimanches 11,"Nov 20, 2016",,35 entrants,Paris,Mahie
Tempest,"Nov 19, 2016",,67 entrants,Indianapolis,Rik
Kickstart 13,"Nov 19, 2016",,142 entrants,London,Hungrybox
Battlegrounds 3,"Nov 19, 2016",,175 entrants,Houston,HugS
UFSmash 2,"Nov 12 - 15, 2016",$319.00,64 entrants,São Paulo,Bobesco
TOAST,"Nov 12 - 13, 2016",,,Vélizy-Villacoublay,Mahie
Smash the Record 2016,"Nov 11 - 13, 2016",,390 entrants,Kissimmee,Colbol
UCI Quarterly 1,"Nov 12, 2016",$735.00,127 entrants,Irvine,Santiago
G.R.A.S 7,"Nov 5 - 6, 2016",,72 entrants,Grenoble,Jah Ridin'
Smash Summit 3,"Nov 3 - 6, 2016","$21,609.00",16 entrants,Los Angeles,Armada
Battle GateWay 13,"Nov 6, 2016",,78 entrants,Tokyo,aMSa
Kill Roy 2,"Nov 5, 2016",,91 entrants,Bloomington,Druggedfox
Olympus,"Oct 28 - 30, 2016","$2,353.00",93 entrants,Atlantic City,dizzkidboogie
Canada Cup 2016,"Oct 28 - 30, 2016","$3,221.00",232 entrants,Toronto,Armada
Forward Smash Tournament 2,"Oct 29 - 30, 2016",,59 entrants,Vélizy-Villacoublay,Overtriforce
SoCal Colosseum #5,"Oct 29, 2016",,115 entrants,Irvine,S2J
Eclipse 2,"Oct 21 - 23, 2016","$5,151.00",250 entrants,Jessheim,Armada
Mission Complete 3,"Oct 22, 2016",,58 entrants,Tilburg,Amsah
South Battle Arena 2,"Oct 15 - 16, 2016",,46 entrants,Montpellier,JiM
SSS Blood For Blood,"Oct 15, 2016","$4,430.00",448 entrants,San Francisco,PewPewU
Salty Juan's 3,"Oct 8 - 9, 2016",$930.00,93 entrants,Albuquerque,Medz
The Big House 6,"Oct 7 - 9, 2016","$15,630.00","1,564 entrants",Dearborn,Mango
SoCal Colosseum #4,"Sep 24, 2016",$650.00,130 entrants,Irvine,Westballz
Well Played 10,"Sep 17 - 18, 2016",$378.00,36 entrants,Toronto,n0ne
Kickstart 11,"Sep 17, 2016",,78 entrants,London,Ice
Unrivaled II,"Sep 17, 2016",$360.00,72 entrants,Winter Park,Plup
Dairly Beloved,"Sep 17, 2016",,145 entrants,Renton,SFAT
Syndicate 2016,"Sep 10 - 11, 2016","$2,355.00",209 entrants,Utrecht,Armada
DI Another Day 2,"Sep 8 - 11, 2016",,77 entrants,Karawara,MacD
NorCal Loves Teams,"Sep 10, 2016",,71 entrants,San Francisco,Shroomed
Neokan Party 3,"Sep 3 - 4, 2016",,39 entrants,Vélizy-Villacoublay,DjaGoF
Battle GateWay 12,"Sep 4, 2016",,74 entrants,Tokyo,Shippu
Collision XIV,"Sep 3, 2016",,43 entrants,Somerset,DJ Nintendo
Shine 2016,"Aug 26 - 28, 2016","$9,890.00",989 entrants,Boston,Mew2King
Astra 2016,"Aug 26 - 28, 2016",,63 entrants,Barranquilla,n0ne
Heir 3,"Aug 19 - 21, 2016","$6,190.00",473 entrants,Nottingham,Armada
ARLO 3,"Aug 20 - 21, 2016",,64 entrants,Moore,Wizzrobe
Endgame,"Aug 20 - 21, 2016","$1,640.00",94 entrants,Chicago,Mew2King
Unrivaled,"Aug 20, 2016",$415.00,83 entrants,Winter Park,Plup
SoCal Colosseum #3,"Aug 20, 2016",,162 entrants,Irvine,Westballz
Super Smash Con 2016,"Aug 11 - 14, 2016","$9,400.00",940 entrants,Chantilly,Mango
DreamHack Montreal 2016,"Aug 12 - 14, 2016","$4,000.00",172 entrants,Montreal,Ryan Ford
Summit 2016,"Aug 6 - 7, 2016","$2,126.00",177 entrants,Kitchener,Professor Pro
Clutch City Clash,"Aug 6 - 7, 2016","$5,580.00",272 entrants,Houston,Mew2King
Super Smash Dimanches T-2,"Aug 6, 2016",,25 entrants,Paris,Mahie
LAST VI,"Jul 30 - 31, 2016",,71 entrants,Lunel,Jah Ridin'
Smash Factor 5,"Jul 29 - 31, 2016",,134 entrants,Puebla,n0ne
Revelation 2016,"Jul 30 - 31, 2016",,135 entrants,Denver,S2J
No Punish Zone 2,"Jul 29, 2016",$89.00,18 entrants,Tel Aviv,VOID
Emerald City IV,"Jul 23, 2016","$1,680.00",168 entrants,Seattle,Silent Wolf
Battle GateWay 11,"Jul 23, 2016",,68 entrants,Tokyo,Rudolph
SoCal Colosseum #2,"Jul 23, 2016","$1,115.00",223 entrants,Irvine,n0ne
EVO 2016,"Jul 15 - 17, 2016","$23,720.00","2,372 entrants",Las Vegas,Hungrybox
Last Stock SD #63,"Jul 11, 2016",,50 entrants,San Diego,Santiago
Burst 2016,"Jul 9 - 10, 2016",,32 entrants,Bordeaux,Sosuk
Super Smash Dimanches T,"Jul 10, 2016",,,Paris,Makenshi
Midwest Mayhem 4,"Jul 9, 2016",$310.00,31 entrants,Chicago,Vro
WTFox 2,"Jul 1 - 3, 2016","$7,420.00",292 entrants,Memphis,Mango
Avalon M-V,"Jul 2, 2016",,103 entrants,Zoetermeer,Amsah
CEO 2016,"Jun 24 - 26, 2016","$6,780.00",678 entrants,Orlando,Hungrybox
DreamHack Summer 2016,"Jun 18 - 21, 2016","$10,000.00",117 entrants,Jönköping,Leffen
Apex 2016,"Jun 17 - 19, 2016","$2,590.00",159 entrants,New Jersey,Mew2King
Low Tier City 4,"Jun 18 - 19, 2016","$5,660.00",294 entrants,Dallas,Hungrybox
Emerald City III,"Jun 18, 2016","$2,410.00",241 entrants,Seattle,SFAT
Smash 'N' Splash 2,"Jun 11 - 12, 2016","$4,590.00",459 entrants,Gurnee,Hungrybox
Republic of Fighters Summer 2016,"Jun 11 - 12, 2016",,66 entrants,Paris,Tekk
Super Smash Dimanches #10,"Jun 5, 2016",,32 entrants,Paris,BeLia
Melee Meltdown #0,"Jun 1, 2016",,22 entrants,Lyon,Kid Candi
Arcamelee #1,"May 28 - 29, 2016","$1,667.00",80 entrants,Lyon,Zgetto
Stunfest 2016,"May 25, 2016",,54 entrants,Rennes,Fauster
CEO Prologue 2016,"May 21 - 22, 2016",$740.00,74 entrants,Orlando,Plup
Get On My Level 2016,"May 20 - 22, 2016","$7,698.00",509 entrants,Toronto,Leffen
Battle Arena Melbourne 8,"May 13 - 15, 2016",,176 entrants,Melbourne,SA Nick
Battle of BC,"May 14, 2016","$2,560.00",256 entrants,Vancouver,Leffen
DreamHack Austin 2016,"May 6 - 8, 2016","$10,000.00",397 entrants,Austin,Mango
NEW FISH,"May 7, 2016","$1,360.00",106 entrants,Troy,Colbol
Avalon M-IV,"May 7, 2016",,116 entrants,Zoetermeer,Jeapie
CrazyHand 2016,"May 3 - 4, 2016",$214.00,43 entrants,Suita,Rudolph
G.R.A.S 6,"Apr 30 - May 1, 2016",,58 entrants,Grenoble,Tekk
KVO x TSB 2016,"Apr 29 - May 1, 2016",,40 entrants,Osaka,aMSa
Enthusiast Gaming Live Expo,"Apr 29 - May 1, 2016","$6,026.00",228 entrants,Toronto,Hungrybox
SoCal Colosseum #1,"Apr 30, 2016",$485.00,97 entrants,Irvine,CDK
Smash Summit 2,"Apr 21 - 24, 2016","$25,923.00",16 entrants,Los Angeles,Armada
Fight Pitt VI,"Apr 16 - 17, 2016","$2,640.00",264 entrants,Pittsburgh,Colbol
Super Smash Sundays 43,"Apr 17, 2016",,86 entrants,Santa Ana,SFAT
Full Bloom 2,"Apr 16, 2016","$2,360.00",236 entrants,Bloomington,Lucky
Last Stock SD #54,"Apr 11, 2016",$128.00,34 entrants,San Diego,EastCoastJeff
HFLAN 12,"Apr 9 - 10, 2016",,83 entrants,Noisy-le-Grand,Leffen
Frame One,"Apr 9 - 10, 2016","$1,080.00",155 entrants,Orlando,Plup
Flatiron 1,"Apr 9, 2016",$810.00,81 entrants,Boulder,Syrox
Emerald City II,"Apr 9, 2016","$2,420.00",242 entrants,Seattle,Westballz
Pound 2016,"Apr 2 - 3, 2016","$13,995.00",933 entrants,Tysons Corner,Hungrybox
Super Smash Dimanches #9,"Apr 3, 2016",,,Paris,Cyr
MARS 2016,"Mar 26 - 28, 2016",,48 entrants,Marseille,Tekk
OUTFOXX'D,"Mar 26, 2016","$2,687.00",143 entrants,Indianapolis,Mew2King
Battlegrounds 2,"Mar 26, 2016",,114 entrants,Houston,Kage
Super Nebulous 4,"Mar 26, 2016","$1,680.00",168 entrants,New York City,Hungrybox
Battle GateWay 10,"Mar 26, 2016",,69 entrants,Tokyo,Gucci
Mission Complete 1,"Mar 26, 2016",,46 entrants,Tilburg,Amsah
Nantarena 16.1,"Mar 19 - 20, 2016",,64 entrants,Nantes,Djagof
Battle of the Five Gods,"Mar 17 - 19, 2016","$25,000.00",20 entrants,Austin,Hungrybox
Frozen Phoenix,"Mar 12 - 13, 2016","$1,410.00",116 entrants,Hamilton,Ryan Ford
Shots Fired 2,"Mar 5 - 6, 2016","$6,250.00",125 entrants,Somerset,Mew2King
Super Smash Sundays 42,"Mar 6, 2016",$710.00,142 entrants,Santa Ana,Lucky
Avalon M-III,"Mar 5, 2016",,126 entrants,Zoetermeer,Westballz
Cannes Winter Clash,"Feb 26 - 28, 2016",,31 entrants,Template:flag/Fr Cannes,DjaGoF
B.E.A.S.T 6,"Feb 20 - 21, 2016","$4,549.00",410 entrants,Gothenburg,Armada
Super Bit Wars 4,"Feb 20 - 21, 2016","$1,880.00",108 entrants,Oklahoma City,Mew2King
Landlocked,"Feb 20, 2016","$1,720.00",122 entrants,Indianapolis,MacD
UBC Cup 2016,"Feb 20, 2016",$929.00,191 entrants,Vancouver,SFAT
Kickstart 6,"Feb 14, 2016",,66 entrants,London,Westballz
Super Smash Dimanches #7,"Feb 14, 2016",,29 entrants,Paris,Leon
Super Smash Sundays 41,"Feb 7, 2016",$575.00,115 entrants,Santa Ana,Lucky
European Smash Circuit 2015,"May 9 - Feb 1, 2016",,,,Armada
PAX Arena,"Jan 29 - 31, 2016","$3,500.00",55 entrants,San Antonio,Hungrybox
ROF Winter 2016,"Jan 23 - 24, 2016",,49 entrants,Paris,Mahie
Battle GateWay 9,"Jan 24, 2016",,70 entrants,Tokyo,Gucci
Super Smash Sundays 40,"Jan 24, 2016",$585.00,117 entrants,Santa Ana,Westballz
GENESIS 3,"Jan 15 - 17, 2016","$23,779.00","1,828 entrants",San Jose,Armada
McGill Monthly 4,"Jan 16, 2016",$440.00,64 entrants,Montreal,Kage
Super Smash Sundays 39,"Jan 10, 2016",$900.00,180 entrants,Santa Ana,Westballz
Avalon M-II,"Jan 9, 2016",,128 entrants,Zoetermeer,Amsah
South Coast Regionals 9,"Jan 9, 2016",$573.00,79 entrants,Southampton,Vanity Angel
Get Smashed at the Foundry #76,"Jan 5, 2016",,75 entrants,San Francisco,Shroomed
Mayhem January 2016,"Jan 2, 2016",,194 entrants,Pasadena,Lucky
Oakland's Very Own: Back II Back,"Jan 2, 2016",$480.00,96 entrants,Oakland,SFAT
CrazyHand 2015 Winter,"Dec 26 - 27, 2015",$349.00,44 entrants,Suita,Rudolph
Get Smashed at the Foundry #75,"Dec 22, 2015",,62 entrants,San Francisco,Phil
Forte 3,"Dec 19 - 20, 2015","$5,805.00",317 entrants,Austin,Wobbles
Super Smash Dimanches #6,"Dec 20, 2015",,,Paris,Baxon
Smash The Pale,"Dec 19, 2015",$184.00,34 entrants,Dublin,MINT
Smash The Halls!,"Dec 19, 2015",$759.00,158 entrants,Vancouver,Silent Wolf
Get Smashed at the Foundry #74,"Dec 15, 2015",,62 entrants,San Francisco,Shroomed
Òssom Fights 2015,"Dec 11 - 13, 2015",,61 entrants,Barcelona,Ice
Super Smash Sundays 38,"Dec 13, 2015",,130 entrants,Santa Ana,SFAT
Get Smashed at the Foundry #73,"Dec 8, 2015",,46 entrants,San Francisco,SFAT
HaWXx Nest 1,"Dec 5, 2015",$302.00,30 entrants,Birmingham,Dev
Get Smashed at the Foundry #72,"Dec 1, 2015",,49 entrants,San Francisco,SFAT
Shulla-bra I,"Nov 30, 2015",,34 entrants,,Rudolph
Smash Intensifies 2,"Nov 28 - 29, 2015","$1,129.00",111 entrants,Montreal,The Moon
Super Smash Sundays 37,"Nov 29, 2015",,68 entrants,Santa Ana,Lucky
Super Smash Dimanches #5,"Nov 29, 2015",,28 entrants,Paris,Cyr
DreamHack Winter 2015,"Nov 26 - 28, 2015","$20,000.00",357 entrants,Jönköping,Hungrybox
Get Smashed at the Foundry #71,"Nov 24, 2015",,53 entrants,San Francisco,Frootloop
UFSmash,"Nov 20 - 22, 2015",$162.00,77 entrants,São Paulo,Aisengobay
G.R.A.S 5,"Nov 21 - 22, 2015",,52 entrants,Grenoble,Tekk
Kickstart 4,"Nov 22, 2015",$850.00,112 entrants,London,Plup
Kings of the North 4,"Nov 21 - 22, 2015",,218 entrants,Brookfield,The Moon
Northwest Majors: Drop Zone,"Nov 20 - 22, 2015",,196 entrants,Seattle,Silent Wolf
BUST 3,"Nov 21, 2015",,256 entrants,Boston,Swedish Delight
Frame Perfect Series,"Nov 21, 2015",$490.00,49 entrants,Orlando,Hungrybox
Eclipse,"Nov 14 - 15, 2015","$9,856.00",187 entrants,Oslo,Armada
We Tech Those,"Nov 14 - 15, 2015",,42 entrants,Easton,Professor Pro
Super Smash Sundays 36,"Nov 15, 2015",,141 entrants,Santa Ana,Lucky
South Coast Regionals 8,"Nov 14, 2015",$426.00,56 entrants,Southampton,Vanity Angel
Get Smashed at the Foundry #70,"Nov 10, 2015",,61 entrants,San Francisco,SFAT
Smash Summit,"Nov 5 - 8, 2015","$32,929.00",16 entrants,Los Angeles,Armada
Tipped Off 11,"Nov 7 - 8, 2015","$5,040.00",336 entrants,Atlanta,Druggedfox
Kill Roy,"Nov 7, 2015","$1,320.00",132 entrants,Bloomington,Vro
Get Smashed at the Foundry #69,"Nov 3, 2015",,81 entrants,San Francisco,PPMD
Canada Cup 2015,"Oct 30 - Nov 1, 2015","$1,000.00",82 entrants,Toronto,PPMD
Super Smash Sundays 35,"Nov 1, 2015",,80 entrants,Santa Ana,Lucky
Get Smashed at the Foundry #68,"Oct 27, 2015",,52 entrants,San Francisco,SFAT
Kickstart 3,"Oct 25, 2015",$719.00,94 entrants,London,Professor Pro
Smash the Record 2015,"Oct 23 - 25, 2015",,,Orlando,Lucky
Super Smash Dimanches #4,"Oct 25, 2015",,34 entrants,Paris,Cyr
Bring All The Hype 2,"Oct 24, 2015",$77.00,25 entrants,Bath,Jam
Get Smashed at the Foundry #67,"Oct 20, 2015",,65 entrants,San Francisco,SFAT
MLG World Finals 2015,"Oct 16 - 18, 2015","$10,000.00",111 entrants,New Orleans,Hungrybox
Super Smash Sundays 34,"Oct 18, 2015",,122 entrants,Santa Ana,Westballz
Mayhem October 2015,"Oct 17, 2015",,125 entrants,Pasadena,SFAT
Get Smashed at the Foundry #66,"Oct 13, 2015",,60 entrants,San Francisco,SFAT
South Battle Arena,"Oct 10 - 11, 2015",,32 entrants,Montpellier,Tekk
Smash2School,"Oct 10, 2015",$494.00,128 entrants,Vancouver,Bladewise
Get Smashed at the Foundry #65,"Oct 6, 2015",,64 entrants,San Francisco,SFAT
Last Stock SD #28,"Oct 5, 2015",,22 entrants,San Diego,OkamiBW
Last Stock SD #50,"Oct 5, 2015",,22 entrants,San Diego,EastCoastJeff
The Big House 5,"Oct 2 - 4, 2015","$18,170.00","1,317 entrants",Dearborn,Armada
Avalon M,"Oct 3, 2015",,128 entrants,Zoetermeer,Amsah
Get Smashed at the Foundry #64,"Sep 29, 2015",,64 entrants,San Francisco,SFAT
Helix,"Sep 26 - 27, 2015","$2,080.00",208 entrants,Berlin,Armada
Kickstart 2,"Sep 27, 2015",$493.00,65 entrants,London,Professor Pro
Super Smash Sundays 33,"Sep 27, 2015",,154 entrants,Santa Ana,S2J
McGill Monthly 3,"Sep 26, 2015",$708.00,93 entrants,Montreal,Ryan Ford
DreamHack London 2015,"Sep 19 - 20, 2015","$20,000.00",97 entrants,London,Armada
Super Smash Dimanches #3,"Sep 20, 2015",$67.00,20 entrants,Paris,Cyr
HTC Throwdown,"Sep 19, 2015","$14,121.00",386 entrants,San Francisco,Leffen
Get Smashed at the Foundry #61,"Sep 15, 2015",,71 entrants,San Francisco,SFAT
The Fall Classic 2015,"Sep 11 - 13, 2015",,,Raleigh,Twitch
Super Smash Sundays 32,"Sep 13, 2015",,149 entrants,Santa Ana,S2J
Mayhem September 2015,"Sep 12, 2015",$595.00,119 entrants,Pasadena,Lucky
South Coast Regionals 7,"Sep 12, 2015",$393.00,51 entrants,Southampton,Professor Pro
Oakland's Very Own: One Love,"Sep 12, 2015",$355.00,67 entrants,Oakland,SFAT
Get Smashed at the Foundry #60,"Sep 8, 2015",,57 entrants,San Francisco,Frootloop
How Dair You,"Sep 4 - 6, 2015",$912.00,109 entrants,Freiburg,Ice
Paragon Los Angeles 2015,"Sep 5 - 6, 2015","$7,470.00",547 entrants,Ontario,Mango
Avalon X,"Sep 5, 2015",,71 entrants,Zoetermeer,Amsah
Get Smashed at the Foundry #59,"Sep 1, 2015",,75 entrants,San Francisco,Silent Wolf
PAX Prime 2015,"Aug 28 - 30, 2015","$3,500.00",187 entrants,Seattle,Mew2King
Super Smash Dimanches #2,"Aug 30, 2015",$67.00,20 entrants,Paris,Cyr
Get Smashed at the Foundry #58,"Aug 25, 2015",$365.00,73 entrants,San Francisco,Silent Wolf
Heart of Melee 5,"Aug 24, 2015",$151.00,32 entrants,London,Professor Pro
SKTAR 4,"Aug 22 - 23, 2015","$1,040.00",104 entrants,Somerset,Mew2King
Mayhem August 2015,"Aug 22, 2015",$885.00,177 entrants,Pasadena,Westballz
Kings of Vancouver II,"Aug 22, 2015",$407.00,108 entrants,Vancouver,Blunted_Object10
Smash @ Xanadu #111,"Aug 19, 2015",$540.00,108 entrants,Arbutus,Chillindude
Get Smashed at the Foundry #57,"Aug 18, 2015",$480.00,96 entrants,San Francisco,Shroomed
Heart of Melee 4,"Aug 17, 2015",$210.00,45 entrants,London,Lucky
Heir II the Throne,"Aug 14 - 17, 2015","$1,726.00",369 entrants,Nottingham,Armada
Summit,"Aug 15 - 16, 2015",,200 entrants,Kitchener,KirbyKaze
CrazyHand 2015,"Aug 14 - 15, 2015",$176.00,58 entrants,Suita,Shippu
Get Smashed at the Foundry #56,"Aug 11, 2015",$380.00,76 entrants,San Francisco,SFAT
Heart of Melee 3,"Aug 10, 2015",$158.00,34 entrants,London,Professor Pro
Kickstart,"Aug 9, 2015",$502.00,65 entrants,London,Professor Pro
Super Smash Con,"Aug 7 - 9, 2015","$15,930.00",593 entrants,Chantilly,Leffen
Battle GateWay 8,"Aug 9, 2015",,64 entrants,Tokyo,Shippu
One Stock Up: August,"Aug 8, 2015",$167.00,36 entrants,Glasgow,Captain Zeppo
Get Smashed at the Foundry #55,"Aug 4, 2015",$410.00,82 entrants,San Francisco,SFAT
Heart of Melee 2,"Aug 3, 2015",$171.00,37 entrants,London,Professor Pro
Low Tier City 3,"Aug 1 - 2, 2015","$3,715.00",181 entrants,Plano,Wobbles
Super Smash Sundays 31,"Aug 2, 2015",,252 entrants,Pomona,Westballz
Smash PhD! II,"Aug 1, 2015",$97.00,,São Paulo,Aisengobay
South Coast Regionals 6,"Aug 1, 2015",$500.00,64 entrants,Southampton,Professor Pro
Get Smashed at the Foundry #54,"Jul 28, 2015",$465.00,93 entrants,San Francisco,Shroomed
Heart of Melee,"Jul 27, 2015",$140.00,30 entrants,London,Professor Pro
LAST V,"Jul 25 - 26, 2015",$823.00,75 entrants,Lunel,Professor Pro
No Punish Zone,"Jul 24, 2015",$26.00,20 entrants,Tel Aviv,VOID
EVO 2015,"Jul 17 - 19, 2015","$18,690.00","1,869 entrants",Las Vegas,Armada
Super Smash Dimanches #1,"Jul 19, 2015",$108.00,20 entrants,Paris,Cyr
The Second Annual PSG Classic,"Jul 15, 2015",,72 entrants,Las Vegas,Westballz
Get Smashed at the Foundry #53,"Jul 14, 2015",$475.00,95 entrants,San Francisco,SFAT
Meltdown Circuit 21,"Jul 13, 2015",$193.00,41 entrants,London,Professor Pro
Final Destination 11,"Jul 12, 2015",$186.00,30 entrants,Cardiff,Professor Pro
WTFox,"Jul 10 - 11, 2015","$3,050.00",150 entrants,Memphis,Leffen
Mayhem July 2015,"Jul 11, 2015",,331 entrants,Pasadena,S2J
Wille Vai à França,"Jul 9, 2015",,28 entrants,São Paulo,Aisengobay
Get Smashed at the Foundry #52,"Jul 7, 2015",$500.00,100 entrants,San Francisco,Shroomed
EXP 2015,"Jul 4 - 5, 2015",,,Kitchener,Mew2King
Super Smash Saga,"Jul 5, 2015",$169.00,32 entrants,Biel/Bienne,Jah Ridin'
FC Smash 15XR: Return,"Jul 4 - 5, 2015",,208 entrants,Notre Dame,Leffen
Get Smashed at the Foundry #51,"Jun 30, 2015",$420.00,84 entrants,San Francisco,PewPewU
Meltdown Circuit 19,"Jun 29, 2015",$146.00,41 entrants,London,Professor Pro
CEO 2015,"Jun 26 - 28, 2015","$7,830.00",483 entrants,Orlando,Leffen
Get Smashed at the Foundry #50,"Jun 23, 2015",$395.00,79 entrants,San Francisco,Silent Wolf
One Stock Up: June,"Jun 20, 2015",$165.00,35 entrants,Glasgow,HaoTwo
Switzerland Gone Wild Week 1,"Jun 20, 2015",$32.00,6 entrants,Wangen bei Olten,Inflict
Get Smashed at the Foundry #49,"Jun 16, 2015",$340.00,68 entrants,San Francisco,SFAT
Smash 'N' Splash,"Jun 13 - 14, 2015","$2,716.00",255 entrants,Gurnee,Mew2King
Avalon IX,"Jun 13, 2015",,84 entrants,Zoetermeer,Ice
NoTech Smash 1,"Jun 6, 2015",,37 entrants,Freiburg,Usleon
Mayhem June 2015,"Jun 6, 2015",,235 entrants,Pasadena,Westballz
Bring All The Hype,"Jun 6, 2015",$224.00,49 entrants,Bath,Professor Pro
Torneio Maroto de Smash no Sítio 3,"Jun 6, 2015",,48 entrants,Rio de Janeiro,Aisengobay
Get On My Level 2015,"May 30 - 31, 2015","$2,240.00",224 entrants,Toronto,Hungrybox
Maylay Mayhem,"May 30, 2015",,,Template:flag/Ph Quezon City,Champo
Valtra Smash Tournament,"May 30, 2015",$106.00,20 entrants,Travers,Jah Ridin'
Shuffle VII,"May 23 - 24, 2015",$640.00,,Columbus,Mew2King
Stunfest 2015,"May 23 - 24, 2015",$175.00,32 entrants,Rennes,Aether
Combo Breaker 2015,"May 22 - 24, 2015",$760.00,77 entrants,Chicago,DJ Nintendo
North East Smash 4,"May 24, 2015",$371.00,30 entrants,Newcastle,Fuzzyness
Battle Arena Melbourne 7,"May 22 - 24, 2015",,261 entrants,Melbourne,Mango
Jeffz0r's Smash Tournament 7,"May 23 - 24, 2015",$327.00,60 entrants,Rosmalen,Ice
My B,"May 17, 2015",,76 entrants,Melbourne,Lucky
Revelation 2,"May 16 - 17, 2015",,127 entrants,Denver,Mew2King
Otafest Assault 3,"May 15 - 17, 2015","$1,661.00",94 entrants,Calgary,Hax
Enthusiast Gaming Live,"May 16 - 17, 2015","$1,431.00",89 entrants,Mississauga,Shroomed
Smash PhD!,"May 16, 2015",$100.00,,São Paulo,Bobesco
Press Start,"May 9 - 10, 2015","$5,750.00",222 entrants,Irvine,Mango
HFLAN Melee Edition,"May 9 - 10, 2015",,172 entrants,Noisy-le-Grand,Armada
UBC Cup 2015,"May 9, 2015",$495.00,83 entrants,Vancouver,Silent Wolf
DX Ranking Hors Série,"May 8, 2015",$250.00,32 entrants,Paris,Tekk
KVO x TSB 2015,"May 2 - 4, 2015",,40 entrants,Osaka,Kounotori
Mayhem May 2015,"May 2, 2015",,134 entrants,Pasadena,Mango
VS EVO 2015 Sponsorship Tournament,"May 2, 2015",$190.00,62 entrants,Pompano Beach,Plup
G.R.A.S 4,"Apr 25 - 26, 2015",,56 entrants,Grenoble,Salepate
DrømmeLAN 4.5,"Apr 24 - 26, 2015",,129 entrants,Sandvika,Armada
Super Nebulous 3,"Apr 25 - 26, 2015","$1,980.00",198 entrants,New York City,Lucky
Raise Your Game 2,"Apr 26, 2015",$159.00,35 entrants,Bristol,Professor Pro
Rose Villa Smash 2,"Apr 26, 2015",$100.00,33 entrants,Birmingham,DeathGazer
Northwest Majors VII,"Apr 24 - 26, 2015",,167 entrants,Des Moines,Silent Wolf
Road To Japan,"Apr 25, 2015",,,Santiago,Dark
Sandstorm,"Apr 18 - 19, 2015","$3,465.00",231 entrants,Tempe,Armada
The First Reset,"Apr 18, 2015",$399.00,38 entrants,Winterthur,Prinz
McGill Monthly 2,"Apr 18, 2015",$339.00,50 entrants,Montreal,Chester01
One Stock Up: April,"Apr 18, 2015",$184.00,40 entrants,Glasgow,Professor Pro
The Wavedashers,"Apr 12, 2015",$32.00,28 entrants,São Paulo,Aisengobay
I'm Not Yelling!,"Apr 11 - 12, 2015","$4,740.00",316 entrants,Oakland,Armada
North East Smash 3,"Apr 12, 2015",$125.00,30 entrants,Newcastle,Professor Pro
Smash At Respawn 2,"Apr 11, 2015",$152.00,48 entrants,Lyon,Tekk
DX Ranking Session #8,"Apr 11, 2015",$76.00,24 entrants,Paris,Cyr
Beauty 10,"Apr 2 - 6, 2015",$705.00,119 entrants,Gothenburg,Armada
NorCal Regionals 2015,"Apr 3 - 5, 2015",,72 entrants,Sacramento,PewPewU
SWEET XX,"Apr 4, 2015","$1,488.00",148 entrants,East Lansing,Duck
Avalon VIII,"Apr 4, 2015",,69 entrants,Zoetermeer,Ice
Full Bloom 1,"Apr 4, 2015",$950.00,95 entrants,Bloomington,Prince Abu
Aftershock,"Mar 28 - 29, 2015","$2,610.00",111 entrants,Arlington,Axe
JAB 3,"Mar 28, 2015",,205 entrants,Lafayette,SFAT
Legend of Melee,"Mar 28, 2015",,96 entrants,Surbiton,Professor Pro
Van Alive IV,"Mar 22, 2015",$407.00,,Vancouver,Blunted_Object10
Plan B,"Mar 21, 2015",$56.00,11 entrants,Fribourg,Jah Ridin'
One Stock Up: March,"Mar 21, 2015",$153.00,37 entrants,Glasgow,Captain Zeppo
DX Ranking Session #7,"Mar 21, 2015",$77.00,24 entrants,Paris,Cyr
Bad Moon Rising,"Mar 14 - 15, 2015","$2,800.00",220 entrants,Cary,Hungrybox
KobraLAN 2015,"Mar 14, 2015",$99.00,20 entrants,Grossaffoltern,Shloub
Battle GateWay 7,"Mar 14, 2015",,53 entrants,Tokyo,Gucci
LAN ETS 2015,"Mar 6 - 8, 2015",$990.00,60 entrants,Montreal,KirbyKaze
The Golden Bair 2,"Mar 8, 2015",,,Berkeley,SFAT
Shots Fired,"Feb 28 - Mar 1, 2015",$320.00,106 entrants,Easton,Mew2King
SMASH @ SFU,"Feb 28 - Mar 1, 2015",,83 entrants,Burnaby,Bladewise
Cannes Winter Clash,"Feb 27 - Mar 1, 2015",$580.00,52 entrants,Template:flag/Fr Cannes,Leffen
Smash Till You Crash 5,"Feb 28 - Mar 1, 2015",$287.00,72 entrants,Montreal,Mifune
McSmashter 4,"Feb 21 - 22, 2015",,255 entrants,Hamilton,Armada
Raise Your Game,"Feb 22, 2015",$263.00,57 entrants,Bristol,Professor Pro
One Stock Up: February,"Feb 21, 2015",$138.00,30 entrants,Glasgow,Captain Zeppo
Dijon Smash Karnage,"Feb 14 - 15, 2015",,43 entrants,Dijon,Tekk
SSB im Studio,"Feb 14, 2015",$80.00,15 entrants,Zurich,AE
DX Ranking Session #6,"Feb 14, 2015",$82.00,24 entrants,Paris,Cyr
Apex 2015,"Jan 31 - Feb 1, 2015","$18,070.00","1,037 entrants",Somerset,PPMD
Avalon VII,"Jan 31, 2015",,70 entrants,Zoetermeer,Remen
Super Nebulous 2,"Jan 24, 2015",,123 entrants,New York City,The Moon
Paragon 2015,"Jan 17 - 18, 2015","$3,390.00",262 entrants,Orlando,Hungrybox
16th floor Tournament,"Jan 18, 2015",$114.00,20 entrants,Fribourg,Shloub
McGill Monthly 1,"Jan 17, 2015",$575.00,69 entrants,Montreal,Vwins
B.E.A.S.T 5,"Jan 9 - 11, 2015","$5,942.00",375 entrants,Gothenburg,Leffen
SWEET Prologue,"Jan 3 - 4, 2015","$3,000.00",202 entrants,Ann Arbor,KirbyKaze
Smash the Target,"Jan 3, 2015",,,Tucson,Axe
DX Ranking Session #5,"Jan 3, 2015",$72.00,20 entrants,Template:flag/Fr Paris,Cyr
Forte 2,"Dec 20 - 21, 2014","$4,405.00",227 entrants,Austin,Hungrybox
Super Smash Sundays 30,"Dec 21, 2014",,135 entrants,Walnut,Lucky
Pacific Northwest Regional,"Dec 20 - 21, 2014",,158 entrants,Des Moines,Mew2King
ZEAL,"Dec 13 - 14, 2014",$440.00,33 entrants,Canberra,Zxv
Battle GateWay 6,"Dec 14, 2014","$1,000.00",57 entrants,Tokyo,Shippu
DX Ranking Session #4,"Dec 13, 2014",$67.00,18 entrants,Template:flag/Fr Paris,Charlon
Beauty 9,"Dec 5 - 7, 2014",$476.00,72 entrants,Gothenburg,Armada
The Come Up,"Dec 6 - 7, 2014",,,Toronto,Mew2King
Super Smash Sundays 29,"Dec 7, 2014",,117 entrants,Walnut,Westballz
Avalon VI,"Nov 29, 2014",,80 entrants,Zoetermeer,Armada
Super Nebulous,"Nov 29, 2014",,76 entrants,New York City,Hax
Smash Intensifies,"Nov 29, 2014",$887.00,101 entrants,Montreal,Vwins
hf.lan 8,"Nov 22 - 23, 2014",,32 entrants,Noisy-le-Grand,Leffen
BUST,"Nov 22, 2014",,169 entrants,Boston,DJ Nintendo
KTAR XI,"Nov 22, 2014",,144 entrants,Somerset,Mew2King
G.R.A.S 3,"Nov 15 - 16, 2014",,64 entrants,Grenoble,Salepate
Do You Fox Wit It?,"Nov 15 - 16, 2014",,216 entrants,Oakland,Hax
Don't lose the HYPE 7,"Nov 16, 2014",,22 entrants,São Paulo,Aisengobay
Smash Bros Historia,"Nov 9 - 10, 2014",,64 entrants,Lyon,Tekk
Canada Cup 2014,"Nov 7 - 9, 2014",,,Calgary,Mittens
Smash Beyond the Wall 2,"Nov 9, 2014",$245.00,39 entrants,Perth,Shifting Shadows
Smash or DI 3,"Nov 8, 2014",$423.00,89 entrants,Surbiton,Professor Pro
Fight Pitt V,"Nov 1 - 2, 2014",,200 entrants,Pittsburgh,Hungrybox
DX Ranking Session #3,"Nov 1, 2014",$71.00,19 entrants,Paris,Cyr
Justice 4,"Oct 11, 2014",,168 entrants,Scardale,Armada
The Big House 4,"Oct 4 - 5, 2014","$5,740.00",574 entrants,Romulus,Mango
DX Ranking Session #2,"Oct 4, 2014",$78.00,21 entrants,Paris,Cyr
DX Ranking Session #1,"Sep 27, 2014",$60.00,16 entrants,Paris,Mahie
The Shape of Melee to Come 5,"Sep 27, 2014",,,Kirtland,Armada
Tipped Off 10,"Sep 20 - 21, 2014","$2,625.00",175 entrants,Doraville,Hungrybox
Smash Down South 5,"Sep 21, 2014",$151.00,32 entrants,Southampton,Fuzzyness
Game Underground Tournament Spectacular 3,"Sep 19 - 21, 2014",$500.00,,Ledyard,Hax
Beauty 8,"Sep 12 - 14, 2014",,,Gothenburg,Armada
Hit & Stun Tournament 2,"Sep 6 - 7, 2014",,57 entrants,Barcelona,Armada
Avalon V,"Sep 6, 2014",,64 entrants,Zoetermeer,Amsah
Battle GateWay 5,"Aug 31, 2014",,67 entrants,,Flash
Heir to the Throne,"Aug 28 - 31, 2014",,95 entrants,Birmingham,Fuzzyness
Holy Smash,"Aug 29, 2014",,27 entrants,San Nicolás,Javi
Smash the Record,"Aug 22 - 25, 2014",,,Orlando,Hungrybox
Mass Madness Championship Edition,"Aug 23, 2014",,,Framingham,Hax
Low Tier City 2,"Aug 14 - 16, 2014","$1,232.00",75 entrants,Irving,Mew2King
Comeback I,"Aug 1 - 3, 2014",,78 entrants,Helsinki,Armada
Zenith 2014,"Aug 2 - 3, 2014","$4,065.00",281 entrants,Brooklyn,Mew2King
LAST IV,"Jul 19 - 20, 2014",,48 entrants,Lunel,Overtriforce
EVO 2014,"Jul 11 - 13, 2014","$9,700.00",970 entrants,Las Vegas,Mango
Avalon IV,"Jul 12, 2014",,83 entrants,Zoetermeer,Amsah
Prinny's Path to Evo,"Jul 9, 2014",$250.00,50 entrants,Las Vegas,aMSa
Kings of Cali 4,"Jul 5 - 6, 2014","$1,860.00",208 entrants,Los Angeles,Mango
CEO 2014,"Jun 27 - 29, 2014","$2,740.00",262 entrants,Orlando,Armada
Don't lose the HYPE 4,"Jun 29, 2014",,38 entrants,São Paulo,Aisengobay
MLG Anaheim 2014,"Jun 20 - 22, 2014","$15,000.00",325 entrants,Anaheim,Mango
Super SWEET,"Jun 7 - 8, 2014","$1,600.00",165 entrants,Ann Arbor,Armada
Battle GateWay 4,"Jun 6, 2014",,80 entrants,,Flash
SKTAR 3,"May 31 - Jun 1, 2014","$2,370.00",237 entrants,Somerset,PPMD
hf.lan 7,"May 31 - Jun 1, 2014",,32 entrants,Noisy-le-Grand,Salepate
Pat's House 2,"May 24 - 25, 2014",,152 entrants,La Jolla,Mew2King
Don't lose the HYPE 3,"May 25, 2014",,32 entrants,São Paulo,Aisengobay
Ultimate Fighting Game Tournament/10,"May 23 - 25, 2014",,75 entrants,Chicago,Darkrain
Republic of Fighters 3,"May 17 - 18, 2014","$2,629.00",192 entrants,Noisy-le-Grand,Leffen
Get On My Level 2014,"May 10 - 11, 2014","$2,197.00",238 entrants,Toronto,Mango
KVO 2014,"May 5, 2014",,55 entrants,Osaka,Kounotori
WHOBO MLG,"May 3 - 4, 2014",,68 entrants,Houston,Mango
Northwest Majors VI,"May 2 - 4, 2014","$1,260.00",84 entrants,Des Moines,Mew2King
Sumabato DX Melee 11,"May 4, 2014",,45 entrants,Osaka,Remen
Fighters' Edge,"Apr 26 - 27, 2014","$1,000.00",16 entrants,Du Quoin,Mew2King
OSmash 4,"Apr 17 - 21, 2014",$441.00,,Osnabrück,Ice
UNC Gamefest 2014,"Apr 19 - 20, 2014",,,Chapel Hill,Dr. PeePee
NorCal Regionals 2014,"Apr 18 - 20, 2014",,52 entrants,Sacramento,PewPewU
Fight Pitt IV,"Apr 19, 2014","$1,741.00",174 entrants,Pittsburgh,Mango
Civil War VI,"Apr 12 - 13, 2014",,55 entrants,Richmond,Dr. PeePee
G.R.A.S 2,"Mar 29 - 30, 2014",,63 entrants,Grenoble,Salepate
Hypespotting 3,"Mar 30, 2014",$116.00,,Glasgow,ShiftingShadows
CEO Prologue 2014,"Mar 28 - 29, 2014",,105 entrants,Orlando,Hungrybox
Northeastern Smash Attack 2,"Mar 29, 2014",,227 entrants,Boston,DJ Nintendo
The Next Episode,"Mar 22 - 23, 2014",,147 entrants,Oakland,Fly Amanita
Don't lose the HYPE 2,"Mar 23, 2014",,28 entrants,São Paulo,Aisengobay
EGC 2014,"Mar 15, 2014",,,Monterrey,Tuga
Smash Ain't Dead 3,"Mar 15, 2014",,,Croydon,Armada
Revival of Melee 7,"Mar 8 - 9, 2014","$1,695.00",113 entrants,Nanuet,Mango
Avalon III,"Mar 8, 2014",,67 entrants,Zoetermeer,Armada
Polybash XIII,"Mar 1 - 2, 2014",$695.00,77 entrants,Montreal,Mew2King
SoCal Regionals 2014,"Feb 28 - Mar 2, 2014",,80 entrants,Irvine,Westballz
EDentine's Day,"Feb 28 - Mar 1, 2014",,61 entrants,Birmingham,Fuzzyness
Shuffle V,"Feb 22 - 23, 2014","$1,310.00",131 entrants,Columbus,Mew2King
Don't lose the HYPE 1,"Feb 23, 2014",,30 entrants,São Paulo,Aisengobay
B.E.A.S.T 4,"Feb 12 - 16, 2014","$2,478.00",160 entrants,Gothenburg,Leffen
CEO Winterfest 2014,"Jan 31 - Feb 1, 2014",,97 entrants,Orlando,Hungrybox
Apex 2014,"Jan 17 - 19, 2014","$10,480.00",629 entrants,Somerset,Dr. PeePee
EGC 2013,"Dec 30, 2013",,,Monterrey,Javi
Forte,"Dec 21 - 22, 2013","$1,620.00",86 entrants,Austin,Mew2King
hf.lan 6,"Dec 14 - 15, 2013",,64 entrants,Noisy-le-Grand,Ice
Tipped Off 9,"Dec 14 - 15, 2013","$1,680.00",112 entrants,Atlanta,Dr. PeePee
Kings of Cali 3,"Dec 14 - 15, 2013","$1,860.00",202 entrants,Los Angeles,Mew2King
Revival of Melee 6,"Nov 16 - 17, 2013","$2,360.00",118 entrants,Nanuet,Mew2King
G.R.A.S,"Nov 13 - 14, 2013",,32 entrants,Grenoble,Tekk
Pound V.5,"Nov 9, 2013","$1,425.00",95 entrants,Frederick,Mew2King
Avalon II,"Nov 9, 2013",,70 entrants,Zoetermeer,Ice
The Big House 3,"Oct 12 - 13, 2013","$2,400.00",173 entrants,Ann Arbor,Mew2King
Battle GateWay 3,"Oct 13, 2013",,,Tokyo,shuta
Avalon I,"Oct 5, 2013",,64 entrants,Zoetermeer,Ice
Canada Cup 2013,"Sep 27 - 29, 2013",,35 entrants,Vancouver,Hax
The Fall Classic 2013,"Sep 14 - 15, 2013",,48 entrants,Raleigh,Hungrybox
Republic of Fighters 2,"Sep 14 - 15, 2013",,64 entrants,Paris,Ice
Battle GateWay 2,"Aug 4, 2013",,,Tokyo,Gucci
LAST II,"Jul 20 - 21, 2013",,46 entrants,Lunel,Salepate
EVO 2013,"Jul 11 - 13, 2013","$7,930.00",709 entrants,Las Vegas,Mango
Battle GateWay 1,"Jun 29, 2013",,24 entrants,Tokyo,Yasha
IMPULSE 2013,"Jun 15 - 16, 2013",$800.00,80 entrants,Toronto,Mango
Northwest Majors V,"Jun 7 - 9, 2013","$1,000.00",47 entrants,Des Moines,Mew2King
hf.lan 5,"Jun 1 - 2, 2013",,58 entrants,Noisy-le-Grand,Ice
Zenith 2013,"Jun 1 - 2, 2013","$1,260.00",126 entrants,Morristown,Mango
NorCal Regionals 2013,"Apr 26 - 28, 2013",$730.00,73 entrants,Sunnyvale,Hungrybox
Kings of Cali 2,"Apr 13 - 14, 2013","$1,080.00",115 entrants,Pasadena,Mango
B.E.A.S.T 3,"Apr 3 - 7, 2013","$1,371.00",89 entrants,Gothenburg,Mango
LAST,"Jan 26 - 27, 2013",,40 entrants,Lunel,Tekk
Apex 2013,"Jan 11 - 13, 2013","$6,540.00",336 entrants,New Brunswick,Armada
hf.lan 4,"Dec 1 - 2, 2012",,58 entrants,Noisy-le-Grand,Armada
Revival of Melee 5,"Nov 17 - 18, 2012","$1,140.00",114 entrants,Nanuet,Mew2King
Kings of Cali,"Nov 10, 2012","$1,140.00",121 entrants,Pasadena,Dr. PeePee
The Big House 2,"Oct 6 - 7, 2012","$1,712.00",128 entrants,Ann Arbor,Mango
MELEE-FC10R Legacy,"Aug 12 - 14, 2012",,146 entrants,South Bend,Mango
Tipped Off 8,"Jul 21 - 22, 2012",$490.00,48 entrants,Sugar Hill,Hungrybox
Smashers' Reunion: Melee Grande,"Jul 13 - 15, 2012","$3,050.00",124 entrants,Eidsvoll,Armada
IMPULSE,"Jun 30 - Jul 1, 2012",$767.00,78 entrants,Toronto,Mango
Zenith 2012,"May 26 - 27, 2012",$916.00,92 entrants,South River,Dr. PeePee
hf.lan 3,"May 19 - 20, 2012",,46 entrants,Noisy-le-Grand,Overtriforce
Civil War 4,"Apr 27 - 29, 2012",,34 entrants,Richmond,Dr. PeePee
Epita Smash Arena 5,"Apr 20 - 23, 2012",,63 entrants,Villejuif,Armada
Northwest Manifest,"Mar 24 - 25, 2012","$1,334.00",88 entrants,Lynnwood,Dr. PeePee
Tournoi du Super Lion : Rise !,"Feb 21 - 22, 2012",,53 entrants,Lyon,Salepate
Apex 2012,"Jan 6 - 8, 2012","$6,756.00",318 entrants,New Brunswick,Armada
Tipped Off 7,"Dec 3 - 4, 2011",$530.00,53 entrants,Roswell,Dr. Peepee
Revival of Melee 4,"Nov 19 - 20, 2011","$2,200.00",110 entrants,Nanuet,Mango
hf.lan 2,"Oct 22 - 23, 2011",,48 entrants,Noisy-le-Grand,Darko
The Big House,"Oct 22, 2011","$1,620.00",115 entrants,Ann Arbor,Lovage
B.E.A.S.T II,"Aug 11 - 14, 2011",,112 entrants,Gothenburg,Armada
GENESIS 2,"Jul 15 - 17, 2011","$7,425.00",228 entrants,Antioch,Armada
CEO 2011,"Jun 10 - 12, 2011",$240.00,24 entrants,Orlando,Hungrybox
Zenith 2011,"May 28 - 29, 2011",$920.00,83 entrants,South River,Hungrybox
hf.lan,"Apr 30 - May 1, 2011",,22 entrants,Noisy-le-Grand,Tekk
Dirty South Tournament 16,"Apr 22 - 25, 2011",,22 entrants,Montpellier,Joanna Dark
Alpha Tournament 2,"Mar 20 - 21, 2011",,45 entrants,Nanterre,Salepate
Smash'n'Yatta 2,"Mar 5 - 6, 2011",,27 entrants,Marseille,Infernum
Pound V,"Feb 19 - 21, 2011","$3,645.00",243 entrants,Arlington,Dr. PeePee
Winter Game Fest VI,"Jan 22 - 23, 2011",,105 entrants,San Diego,Dr. Peepee
B.E.A.S.T,"Jan 7 - 9, 2011","$1,827.00",126 entrants,Gothenburg,Armada
Don't Go Down There Jeff!,"Dec 18 - 19, 2010",,108 entrants,Concord,Jman
Dirty South Tournament 15,"Nov 27, 2010",,21 entrants,Montpellier,Salepate
Revival of Melee 3,"Nov 20 - 21, 2010","$1,630.00",163 entrants,Nanuet,Dr. PeePee
Tipped Off 6,"Oct 16 - 17, 2010","$1,275.00",89 entrants,Sugar Hill,Hungrybox
WATO 12,"Sep 4, 2010",,32 entrants,Orlando,Hungrybox
Apex 2010,"Aug 6 - 8, 2010","$3,300.00",218 entrants,New Brunswick,Hungrybox
Epita Smash Arena 4,"Jun 26 - 27, 2010",,73 entrants,Villejuif,Armada
CEO 2010,"Jun 5 - 6, 2010",$800.00,62 entrants,Orlando,Hungrybox
West San Jose Tourney,"Jun 5, 2010",$168.00,32 entrants,San Jose,Shroomed
Dirty South Tournament 14,"May 29, 2010",,24 entrants,Montpellier,Salepate
2 Good Gaming @ CSULB,"Apr 17, 2010",$75.00,,Long Beach,Lucky
Dirty South Tournament 13,"Apr 10, 2010",,34 entrants,Montpellier,Baxon
HERB 3,"Mar 27 - 28, 2010",$870.00,58 entrants,Greensboro,Dr. PeePee
Alpha Tournament,"Feb 26 - 27, 2010",,24 entrants,Nanterre,Cyr
Tournoi du Super Lion 5,"Feb 20 - 21, 2010",$542.00,54 entrants,Villefontaine,Makenshi
Smash'n'Yatta,"Feb 19 - 20, 2010",,25 entrants,Marseille,Infernum
Bushido Nibaï Impact III,"Jan 30 - 31, 2010",,31 entrants,Paris,Cyr
Smash on the Rock,"Jan 23 - 24, 2010",,31 entrants,Hyères,Salepate
Pound 4,"Jan 16 - 18, 2010","$5,205.00",347 entrants,Frederick,Mango
Winterfest 2009,"Dec 18 - 20, 2009","$1,500.00",63 entrants,Kissimmee,Mango
Revival of Melee 2,"Nov 21 - 22, 2009","$1,590.00",159 entrants,Nanuet,Hungrybox
Tipped Off 5,"Sep 5 - 6, 2009","$1,290.00",87 entrants,Duluth,Hungrybox
Tournoi du Super Lion 4,"Aug 7 - 8, 2009",,113 entrants,Villefontaine,Amsah
South Challenge 3,"Jul 31 - Aug 2, 2009",,26 entrants,Millau,Poilon
GENESIS,"Jul 10 - 12, 2009","$5,700.00",290 entrants,Antioch,Mango
Apex 2009,"May 9 - 10, 2009",$470.00,52 entrants,,Jman
Epita Smash Arena 3,"Apr 11 - 12, 2009",,108 entrants,Villejuif,Armada
Mango Juice,"Mar 21, 2009","$1,279.00",128 entrants,San Bernardino,Mango
Revival of Melee,"Mar 7 - 8, 2009","$1,350.00",136 entrants,Nanuet,Mango
Dirty South Tournament 12,"Sep 20, 2008",,33 entrants,Montpellier,Baxon
A Day at the Zhu,"Aug 31, 2008",,42 entrants,Cupertino,Lucky
Tournoi du Super Lion 3,"Aug 9 - 10, 2008",,,Villefontaine,Makenshi
Tournoi du Super Lion 2,"Apr 14 - 15, 2008",,,Villefontaine,Baxon
Epita Smash Arena 2,"Feb 23 - 24, 2008","$4,212.00",231 entrants,Villejuif,Amsah
Pound 3,"Feb 2 - 3, 2008",,224 entrants,Baltimore,Mango
Zenith 2007-12-15,"Dec 15, 2007",,,New York City,
Viva La Smashtaclysm,"Nov 10 - 11, 2007","$2,820.00",188 entrants,Torrington,Azen
Dirty South Tournament 10,"Nov 3, 2007",$294.00,42 entrants,Montpellier,Makenshi
Dirty South Tournament 11,"Nov 3, 2007",,26 entrants,Montpellier,Joanna Dark
Super Champ Combo,"Sep 29 - 30, 2007","$4,000.00",201 entrants,San Bernardino,Mew2King
Zenith 2007-09-28,"Sep 27 - 28, 2007",,64 entrants,New York City,Bum
Dirty South Tournament 8,"Sep 15, 2007",,30 entrants,Montpellier,Infernum
Absolute Zero II,"Sep 8, 2007",,26 entrants,São Paulo,Aisengobay
EVO World 2007,"Aug 24 - 26, 2007","$10,250.00",270 entrants,Henderson,Ken
EVO West 2007,"Jul 27 - 29, 2007","$1,280.00",128 entrants,San Diego,Mew2King
Zero Challenge 3,"Jul 20 - 22, 2007","$2,150.00",228 entrants,Santa Fe Springs,PC Chris
MELEE-FC Diamond,"Jul 12 - 14, 2007","$4,550.00",256 entrants,South Bend,Mew2King
Zenith 2007-07-01,"Jul 1, 2007",,,New York City,PC Chris
EVO North 2007,"Jun 22 - 24, 2007",$430.00,43 entrants,Northbrook,Drephen
Pound 2,"Jun 16 - 17, 2007","$4,740.00",201 entrants,Mount Airy,ChuDat
EVO East 2007,"May 25 - 27, 2007",$640.00,64 entrants,Stamford,Mew2King
Dirty South Tournament 7,"May 26, 2007",,12 entrants,Montpellier,Joanna Dark
MLG Long Island 2007,"May 5 - 6, 2007","$1,668.00",71 entrants,Melville,KoreanDJ
Epita Smash Arena,"Apr 7 - 8, 2007",,96 entrants,Villejuif,Amsah
Cataclysm 3,"Mar 3 - 4, 2007","$1,680.00",112 entrants,Spenser,Mew2King
Zenith 2007-02-24,"Feb 24, 2007",,,New York City,PC Chris
Dirty South Tournament 6,"Feb 10, 2007",,22 entrants,Montpellier,Joanna Dark
Dirty South Tournament 5,"Dec 16, 2006",,22 entrants,Montpellier,Joanna Dark
2006 MLG National Championships,"Nov 18 - 19, 2006","$18,000.00",8 entrants,Las Vegas,PC Chris
MLG New York Playoffs 2006,"Oct 13 - 14, 2006","$13,175.00",208 entrants,New York City,Azen
Dirty South Tournament 4,"Oct 7, 2006",,12 entrants,Montpellier,Joanna Dark
MLG Orlando 2006,"Aug 26 - 27, 2006","$5,275.00",176 entrants,Orlando,Azen
Summer Sun Tournament,"Aug 26, 2006",,26 entrants,Montpellier,Joanna Dark
Zero Challenge 2,"Aug 15 - 17, 2006","$1,200.00",192 entrants,Fountain Valley,Ken
Mini-Camp,"Jul 23, 2006",,16 entrants,São Paulo,Ero-Jiji
MLG Chicago 2006,"Jul 21 - 22, 2006","$5,275.00",184 entrants,Chicago,Ken
MELEE-FC6,"Jul 13 - 15, 2006","$3,250.00",205 entrants,South Bend,PC Chris
MLG Anaheim 2006,"Jun 23 - 24, 2006","$5,275.00",160 entrants,Anaheim,Ken
MLG Dallas 2006,"May 19 - 20, 2006","$5,275.00",144 entrants,Dallas,Ken
MLG New York 2006,"Apr 21 - 23, 2006","$5,275.00",143 entrants,New York City,PC Chris
2005 MLG National Championships,"Feb 25 - 26, 2006","$13,750.00",,Jersey City,Ken
AVEX 2006,"Jan 15, 2006",,31 entrants,São Paulo,Yusk
Pound,"Jan 1, 2006",,55 entrants,,ChuDat
MLG Chicago 2005,"Dec 16 - 18, 2005","$4,000.00",120 entrants,Chicago,Ken
T-Cube II,"Dec 3, 2005",,,Saint-Lys,Makenshi
MLG Atlanta 2005,"Nov 26 - 27, 2005","$4,000.00",34 entrants,Atlanta,Ken
FireFox Tournament 2,"Oct 29, 2005",,75 entrants,Paris,Helios
MLG Los Angeles 2005,"Oct 14 - 16, 2005","$4,000.00",,Costa Mesa,Isai
MLG Seattle 2005,"Sep 10 - 11, 2005","$1,000.00",,Seattle,Azen
MLG Nashville 2005,"Aug 27 - 28, 2005","$1,000.00",,Nashville,ChuDat
Jack Garden Tournament,"Aug 13 - 16, 2005",,116 entrants,Kyoto,Ken
MLG Las Vegas 2005,"Aug 12 - 14, 2005","$1,000.00",,Las Vegas,Caveman
MLG Philadelphia 2005,"Jul 28 - 31, 2005","$1,000.00",,Philadelphia,Chillindude
Twisted Hand Tournament,"Jul 24, 2005",,16 entrants,Montpellier,Joanna Dark
MELEE-FC3,"Jul 10 - 12, 2005",,186 entrants,South Bend,Ken
MLG St. Louis 2005,"Jun 25 - 26, 2005","$1,000.00",32 entrants,St. Louis,Darkrain
Gettin' Schooled 2,"Jun 25 - 26, 2005",,99 entrants,Cantonsville,Ken
MLG Orlando 2005,"Apr 23 - 24, 2005","$1,000.00",,Orlando,Eddie
MLG Houston 2005,"Mar 13 - 14, 2005","$1,000.00",32 entrants,Houston,Rob$
MLG San Francisco 2005,"Feb 26 - 27, 2005","$1,000.00",100 entrants,San Francisco,Ken
Koopa Klaw Tournament,"Feb 26, 2005",,23 entrants,Montpellier,Captain Jack
FireFox Tournament,"Feb 19, 2005",,73 entrants,Verneuil-sur-Seine,Joanna Dark
MLG Washington D.C. 2005,"Jan 29 - 30, 2005","$2,000.00",97 entrants,Arlington,Ken
MOAST 3,"Jan 15 - 16, 2005","$1,840.00",128 entrants,Dallas,Isai
T-Cube,"Dec 3, 2004",,27 entrants,Saint-Lys,BossOfSmash
RoyalTreatment,"Nov 1, 2004",,56 entrants,Dijon,Mr Silver
MLG New York 2004,"Oct 24, 2004",,,New York City,Ken
MLG Boston 2004,"Oct 9 - 10, 2004",,,Boston,Azen
MLG Los Angeles 2004,"Sep 25 - 26, 2004",,,Los Angeles,
MLG San Francisco 2004,"Sep 11 - 12, 2004",,,San Francisco,Captain Jack
Tournament Go 6,"Aug 21 - 22, 2004",,112 entrants,San Jose,Azen
MLG Seattle 2004,"Aug 21 - 22, 2004",,,Seattle,Rori
MLG Atlanta 2004,"Jul 24 - 25, 2004",,,Atlanta,Azen
MELEE-FC1,"Jul 9 - 10, 2004",,97 entrants,South Bend,Ken
MLG Chicago 2004,"Jun 19, 2004",,50 entrants,Chicago,Ken
Smashfest,"May 22, 2004",,29 entrants,Fonsorbes,SpacePetitDragon
SSBMT4,"Feb 22, 2004",,28 entrants,Bergerac,Intart
Game Over,"Jan 10, 2004","$1,147.00",85 entrants,Woodbridge,Ken
SSBMT3,"Sep 28, 2003",,19 entrants,Saint-Lys,Joanna Dark
DC Super Smash 2,"Sep 20, 2003",,40 entrants,,Azen
DC Super Smash,"Jul 12, 2003",,40 entrants,Clinton,Azen
IVGF NorthWest Regionals,"Mar 1, 2003","$12,500.00",151 entrants,Bellevue,Recipherus